"Time (s)","Latitude (°)","Longitude (°)","Altitude (m)","Altitude WGS84 (m)","Speed (m/s)","Direction (°)","Distance (km)","Horizontal Accuracy (m)","Vertical Accuracy (m)","Satellites"
8.572906300E-2,1.932335500E1,-9.918045870E1,2.287757673E3,2.279900146E3,NaN,NaN,2.086568822E-2,4.556039810E1,9.896803856E0,-1.000000000E0
1.103883125E0,1.932354102E1,-9.918043255E1,2.296111204E3,2.288254150E3,0.000000000E0,NaN,2.116743725E-2,4.151073456E0,4.010417461E0,2.100000000E1
1.290415833E0,1.932354373E1,-9.918043270E1,2.296886833E3,2.289029785E3,0.000000000E0,NaN,2.321209843E-2,4.468047142E0,4.577377319E0,2.100000000E1
2.291355729E0,1.932354222E1,-9.918045212E1,2.297332676E3,2.289475586E3,1.120000005E0,7.599999905E0,2.405162405E-2,4.097970486E0,4.057435989E0,2.000000000E1
3.288419426E0,1.932353710E1,-9.918045800E1,2.295813656E3,2.287956543E3,1.820000052E0,2.571000061E2,2.631412440E-2,3.790092468E0,3.484782219E0,2.100000000E1
4.288488332E0,1.932353926E1,-9.918047944E1,2.295804904E3,2.287947754E3,2.410000086E0,2.670000000E2,2.947445479E-2,3.790092468E0,3.507690907E0,2.100000000E1
5.290150050E0,1.932353664E1,-9.918050943E1,2.295869423E3,2.288012207E3,3.190000057E0,2.615000000E2,3.241776378E-2,3.790092468E0,3.200282335E0,2.100000000E1
6.294984321E0,1.932353662E1,-9.918053748E1,2.296529879E3,2.288672607E3,2.559999943E0,2.651000061E2,3.535924768E-2,3.790092468E0,2.909198999E0,2.100000000E1
7.294984321E0,1.932353500E1,-9.918056546E1,2.296937653E3,2.289080322E3,2.490000010E0,2.657999878E2,3.741371792E-2,3.790092468E0,2.651292801E0,2.100000000E1
8.294984321E0,1.932353418E1,-9.918058502E1,2.296995799E3,2.289138428E3,2.230000019E0,2.636000061E2,3.911721389E-2,3.790092468E0,2.500000000E0,2.100000000E1
9.294984321E0,1.932353194E1,-9.918060108E1,2.296887437E3,2.289030029E3,1.860000014E0,2.618999939E2,4.039170648E-2,3.790092468E0,2.500000000E0,2.100000000E1
1.029498432E1,1.932352710E1,-9.918061209E1,2.296871845E3,2.289014404E3,2.299999952E0,2.508000031E2,4.293604424E-2,3.790092468E0,2.500000000E0,2.200000000E1
1.129498432E1,1.932351180E1,-9.918063012E1,2.296096769E3,2.288239258E3,2.400000095E0,2.178000031E2,4.611094741E-2,3.790092468E0,2.500000000E0,2.100000000E1
1.229498432E1,1.932348964E1,-9.918064920E1,2.295794611E3,2.287937012E3,2.480000019E0,1.998000031E2,4.902388955E-2,3.790092468E0,2.500000000E0,1.900000000E1
1.329498432E1,1.932346351E1,-9.918065118E1,2.296383541E3,2.288525879E3,3.140000105E0,1.700000000E2,5.169542979E-2,3.790092468E0,2.500000000E0,2.000000000E1
1.429498432E1,1.932343956E1,-9.918064916E1,2.296522019E3,2.288664307E3,2.279999971E0,1.705000000E2,5.464956251E-2,3.790092468E0,2.500000000E0,1.700000000E1
1.529498432E1,1.932341965E1,-9.918063052E1,2.295864800E3,2.288007080E3,2.640000105E0,1.381000061E2,5.734085272E-2,3.790092468E0,2.500000000E0,2.000000000E1
1.629498432E1,1.932340851E1,-9.918060775E1,2.295145298E3,2.287287598E3,2.549999952E0,1.205999985E2,5.942645800E-2,3.790092468E0,2.603922367E0,2.000000000E1
1.729498432E1,1.932340259E1,-9.918058889E1,2.294396739E3,2.286539062E3,2.210000038E0,9.780000305E1,6.178062019E-2,3.790092468E0,2.500000000E0,2.000000000E1
1.829498432E1,1.932340064E1,-9.918056655E1,2.294241670E3,2.286384033E3,2.029999971E0,9.569999695E1,6.470090672E-2,3.790092468E0,2.500000000E0,2.000000000E1
1.929498432E1,1.932339734E1,-9.918053894E1,2.294237472E3,2.286379883E3,2.799999952E0,8.969999695E1,6.754286253E-2,3.790092468E0,2.500000000E0,1.900000000E1
2.029498432E1,1.932339480E1,-9.918051199E1,2.294509641E3,2.286652100E3,3.000000000E0,9.259999847E1,7.116509297E-2,3.790092468E0,2.500000000E0,1.900000000E1
2.129498432E1,1.932339490E1,-9.918047747E1,2.294371145E3,2.286513672E3,3.410000086E0,8.530000305E1,7.580573376E-2,3.790092468E0,2.694279194E0,2.000000000E1
2.229498432E1,1.932339423E1,-9.918043325E1,2.293445278E3,2.285587891E3,4.099999905E0,8.709999847E1,7.990879317E-2,3.790092468E0,2.530559301E0,1.800000000E1
2.329498432E1,1.932339595E1,-9.918039419E1,2.293516730E3,2.285659424E3,3.880000114E0,8.559999847E1,8.420716436E-2,3.790092468E0,2.500000000E0,1.800000000E1
2.429498432E1,1.932339827E1,-9.918035330E1,2.294209026E3,2.286351807E3,4.030000210E0,8.180000305E1,8.846465891E-2,3.790092468E0,2.680683851E0,1.900000000E1
2.529498432E1,1.932340790E1,-9.918031403E1,2.293876896E3,2.286019775E3,4.199999809E0,8.100000000E1,9.326997537E-2,3.790092468E0,2.730724335E0,1.600000000E1
2.629498432E1,1.932341304E1,-9.918026856E1,2.293880944E3,2.286023926E3,4.289999962E0,8.059999847E1,9.787924403E-2,3.790092468E0,3.002522707E0,1.700000000E1
2.729498432E1,1.932342060E1,-9.918022537E1,2.293686262E3,2.285829346E3,4.139999866E0,7.919999695E1,1.026334601E-1,3.790092468E0,3.202818394E0,1.600000000E1
2.829498432E1,1.932342479E1,-9.918018028E1,2.293565557E3,2.285708740E3,4.360000134E0,7.800000000E1,1.066302212E-1,3.790092468E0,3.213657618E0,1.600000000E1
2.929498432E1,1.932343264E1,-9.918014311E1,2.293671179E3,2.285814453E3,3.819999933E0,8.100000000E1,1.109125172E-1,3.790092468E0,3.198221445E0,1.700000000E1
3.029498432E1,1.932343022E1,-9.918010238E1,2.294557334E3,2.286700684E3,3.599999905E0,9.069999695E1,1.142982489E-1,3.790092468E0,3.247629166E0,1.700000000E1
3.129498432E1,1.932342662E1,-9.918007034E1,2.295032377E3,2.287175781E3,3.190000057E0,9.940000153E1,1.188675819E-1,3.791164875E0,3.800559998E0,1.300000000E1
3.229498432E1,1.932342731E1,-9.918002680E1,2.295310121E3,2.287453613E3,4.039999962E0,8.109999847E1,1.233753729E-1,3.790092468E0,3.773628712E0,1.600000000E1
3.329498432E1,1.932343316E1,-9.917998429E1,2.295395717E3,2.287539307E3,3.430000067E0,8.440000153E1,1.279595900E-1,3.790092468E0,3.655858278E0,1.400000000E1
3.429498432E1,1.932344050E1,-9.917994130E1,2.295697861E3,2.287841553E3,3.509999990E0,9.490000153E1,1.305597633E-1,3.790092468E0,3.724647284E0,1.400000000E1
3.529498432E1,1.932343506E1,-9.917991720E1,2.295214427E3,2.287358154E3,2.029999971E0,1.275999985E2,1.329230306E-1,3.790092468E0,3.413110733E0,1.500000000E1
3.629498432E1,1.932342568E1,-9.917989699E1,2.294793266E3,2.286937012E3,2.329999924E0,1.298999939E2,1.349813362E-1,3.790092468E0,3.049837351E0,1.500000000E1
3.729498432E1,1.932341210E1,-9.917988366E1,2.293928036E3,2.286071777E3,1.879999995E0,1.633999939E2,1.385408413E-1,3.790092468E0,3.043273449E0,1.500000000E1
3.829498432E1,1.932338213E1,-9.917987174E1,2.294420024E3,2.286563721E3,3.410000086E0,1.575000000E2,1.426101311E-1,3.790092468E0,3.268673182E0,1.600000000E1
3.929498432E1,1.932334596E1,-9.917986584E1,2.293721852E3,2.285865479E3,4.199999809E0,1.721000061E2,1.472668920E-1,3.790092468E0,3.102256536E0,1.700000000E1
4.029498432E1,1.932330414E1,-9.917986348E1,2.293912371E3,2.286055908E3,5.019999981E0,1.733999939E2,1.525672703E-1,3.790092468E0,2.911282063E0,1.500000000E1
4.129498432E1,1.932325662E1,-9.917985951E1,2.294316035E3,2.286459473E3,5.510000229E0,1.736000061E2,1.565135278E-1,3.790092468E0,2.730393410E0,1.700000000E1
4.229498432E1,1.932322164E1,-9.917985316E1,2.295651795E3,2.287795166E3,4.409999847E0,1.713999939E2,1.613205755E-1,3.790092468E0,2.915627956E0,1.800000000E1
4.329498432E1,1.932318009E1,-9.917986581E1,2.293371397E3,2.285514648E3,4.130000114E0,1.650000000E2,1.653714454E-1,3.790092468E0,3.094204903E0,1.300000000E1
4.429498432E1,1.932314655E1,-9.917985074E1,2.293819929E3,2.285963135E3,3.410000086E0,1.566000061E2,1.685158772E-1,3.790092468E0,2.836997032E0,1.600000000E1
4.529498432E1,1.932311856E1,-9.917984647E1,2.293029457E3,2.285172607E3,3.200000048E0,1.471000061E2,1.717219775E-1,3.790092468E0,2.900886774E0,1.700000000E1
4.629498432E1,1.932309630E1,-9.917982705E1,2.292772388E3,2.284915527E3,3.619999886E0,1.220000000E2,1.758353321E-1,3.790092468E0,3.083378792E0,1.700000000E1
4.729498432E1,1.932308049E1,-9.917979161E1,2.292942276E3,2.285085449E3,4.050000191E0,1.110999985E2,1.795369560E-1,3.790092468E0,2.796589375E0,1.800000000E1
4.829498432E1,1.932306953E1,-9.917975830E1,2.292695897E3,2.284839111E3,3.559999943E0,1.018000031E2,1.834812247E-1,3.790092468E0,3.069147110E0,1.800000000E1
4.929498432E1,1.932306317E1,-9.917972132E1,2.293555213E3,2.285698486E3,3.890000105E0,1.015999985E2,1.872382896E-1,3.790092468E0,3.133734465E0,1.700000000E1
5.029498432E1,1.932305558E1,-9.917968643E1,2.292956772E3,2.285100098E3,3.779999971E0,9.840000153E1,1.908306202E-1,3.790092468E0,3.023914576E0,1.900000000E1
5.129498432E1,1.932305502E1,-9.917965220E1,2.292424968E3,2.284568359E3,3.759999990E0,9.459999847E1,1.947735794E-1,3.790092468E0,2.829000950E0,1.900000000E1
5.229498432E1,1.932305149E1,-9.917961481E1,2.292460790E3,2.284604248E3,3.609999895E0,9.719999695E1,1.978687602E-1,3.790092468E0,2.699900389E0,1.800000000E1
5.329498432E1,1.932304601E1,-9.917958589E1,2.292356497E3,2.284500000E3,3.250000000E0,1.005999985E2,2.016595022E-1,3.790092468E0,2.856787920E0,1.900000000E1
5.429498432E1,1.932304395E1,-9.917954983E1,2.292794419E3,2.284937988E3,3.640000105E0,1.025999985E2,2.054148039E-1,3.790092468E0,2.896179914E0,1.700000000E1
5.529498432E1,1.932303367E1,-9.917951574E1,2.293225039E3,2.285368652E3,4.409999847E0,1.056999969E2,2.095679820E-1,3.790092468E0,2.813435793E0,1.900000000E1
5.629498432E1,1.932302414E1,-9.917947747E1,2.293640024E3,2.285783691E3,4.159999847E0,1.033000031E2,2.143568539E-1,3.790092468E0,2.788740873E0,1.800000000E1
5.729498432E1,1.932301868E1,-9.917943220E1,2.293353569E3,2.285497314E3,4.809999943E0,1.028000031E2,2.188849990E-1,3.790092468E0,2.657073259E0,1.900000000E1
5.829498432E1,1.932301436E1,-9.917938929E1,2.293436014E3,2.285579834E3,4.750000000E0,1.030999985E2,2.238265541E-1,3.790092468E0,2.841710806E0,2.000000000E1
5.929498432E1,1.932300043E1,-9.917934457E1,2.292641279E3,2.284785156E3,5.159999847E0,1.025000000E2,2.289280829E-1,3.790092468E0,2.747328758E0,1.900000000E1
6.029498432E1,1.932299205E1,-9.917929677E1,2.292803801E3,2.284947754E3,4.800000191E0,1.009000015E2,2.334987842E-1,3.790092468E0,2.500000000E0,2.100000000E1
6.129498432E1,1.932298388E1,-9.917925408E1,2.292465112E3,2.284609131E3,4.619999886E0,1.004000015E2,2.385223333E-1,3.790092468E0,2.500000000E0,1.900000000E1
6.229498432E1,1.932297481E1,-9.917920718E1,2.292869336E3,2.285013428E3,4.630000114E0,1.006999969E2,2.434523113E-1,3.790092468E0,2.644033432E0,2.000000000E1
6.329498432E1,1.932296417E1,-9.917916157E1,2.292922004E3,2.285066162E3,4.670000076E0,1.015999985E2,2.480174649E-1,3.790092468E0,2.579363346E0,2.000000000E1
6.429498432E1,1.932295240E1,-9.917911989E1,2.291683423E3,2.283827637E3,4.559999943E0,1.123000031E2,2.530376038E-1,3.790092468E0,2.561140299E0,1.800000000E1
6.529498432E1,1.932292782E1,-9.917907976E1,2.291968311E3,2.284112549E3,5.000000000E0,1.293999939E2,2.575784499E-1,3.790092468E0,2.517740965E0,1.800000000E1
6.629498432E1,1.932289745E1,-9.917905083E1,2.291831360E3,2.283975586E3,4.550000191E0,1.476999969E2,2.625695359E-1,3.790092468E0,2.500000000E0,2.000000000E1
6.729498432E1,1.932286172E1,-9.917902204E1,2.292265954E3,2.284410156E3,4.929999828E0,1.493000031E2,2.665678269E-1,3.790092468E0,2.500000000E0,2.000000000E1
6.829498432E1,1.932282846E1,-9.917900756E1,2.291567270E3,2.283711426E3,4.860000134E0,1.525000000E2,2.714884617E-1,3.790092468E0,2.500000000E0,1.700000000E1
6.929498432E1,1.932278988E1,-9.917898459E1,2.291100271E3,2.283244385E3,4.619999886E0,1.521000061E2,2.757370858E-1,3.790092468E0,2.500000000E0,1.800000000E1
7.029498432E1,1.932275503E1,-9.917896799E1,2.292286596E3,2.284430664E3,4.000000000E0,1.546999969E2,2.793715075E-1,3.790092468E0,2.500000000E0,2.000000000E1
7.129498432E1,1.932272413E1,-9.917895670E1,2.292307640E3,2.284451660E3,3.299999952E0,1.643000031E2,2.824081814E-1,3.790092468E0,2.500000000E0,2.000000000E1
7.229498432E1,1.932269718E1,-9.917895202E1,2.293399733E3,2.285543701E3,2.930000067E0,1.788000031E2,2.845168742E-1,3.790092468E0,2.500000000E0,2.000000000E1
7.329498432E1,1.932267843E1,-9.917895503E1,2.294494508E3,2.286638428E3,2.150000095E0,2.033000031E2,2.859795605E-1,3.790092468E0,2.500000000E0,1.900000000E1
7.429498432E1,1.932266643E1,-9.917896074E1,2.294024819E3,2.286168701E3,1.269999981E0,2.110000000E2,2.869671325E-1,3.790092468E0,2.500000000E0,1.800000000E1
7.529498432E1,1.932265755E1,-9.917896091E1,2.294526793E3,2.286670654E3,7.300000191E-1,2.108999939E2,2.877249812E-1,3.790092468E0,2.500000000E0,1.600000000E1
7.629498432E1,1.932265074E1,-9.917896062E1,2.294633986E3,2.286777832E3,7.799999714E-1,2.106999969E2,2.882119034E-1,3.790092468E0,2.500000000E0,2.100000000E1
7.729498432E1,1.932264820E1,-9.917896440E1,2.294394741E3,2.286538574E3,7.699999809E-1,2.080000000E2,2.885935841E-1,3.790092468E0,2.500000000E0,1.800000000E1
7.829498432E1,1.932264650E1,-9.917896756E1,2.295062232E3,2.287206055E3,6.100000143E-1,2.083000031E2,2.892676251E-1,3.790092468E0,2.500000000E0,2.100000000E1
7.929498432E1,1.932264116E1,-9.917897060E1,2.295225336E3,2.287369141E3,8.899999857E-1,2.083999939E2,2.901152008E-1,3.790092468E0,2.500000000E0,1.900000000E1
8.029498432E1,1.932263826E1,-9.917897807E1,2.295661880E3,2.287805664E3,7.599999905E-1,2.081999969E2,2.916226003E-1,3.790092468E0,2.500000000E0,2.000000000E1
8.129498432E1,1.932263473E1,-9.917899194E1,2.295742238E3,2.287885986E3,2.069999933E0,2.483000031E2,2.945246927E-1,3.790092468E0,2.500000000E0,2.000000000E1
8.229498432E1,1.932263162E1,-9.917901940E1,2.296204946E3,2.288348633E3,3.039999962E0,2.736000061E2,2.984882423E-1,3.790092468E0,2.500000000E0,2.100000000E1
8.329498432E1,1.932263627E1,-9.917905685E1,2.295444756E3,2.287588379E3,3.960000038E0,2.841000061E2,3.035389328E-1,3.790092468E0,2.500000000E0,2.100000000E1
8.429498432E1,1.932264545E1,-9.917910399E1,2.295301518E3,2.287445068E3,5.309999943E0,2.822000122E2,3.087163237E-1,3.790092468E0,2.500000000E0,2.000000000E1
8.529498432E1,1.932265968E1,-9.917915097E1,2.295746891E3,2.287890381E3,5.550000191E0,2.877000122E2,3.153341149E-1,3.790092468E0,2.500000000E0,2.000000000E1
8.629498432E1,1.932267936E1,-9.917921049E1,2.295559464E3,2.287702881E3,6.329999924E0,2.885000000E2,3.218398718E-1,3.790092468E0,2.500000000E0,2.200000000E1
8.729498432E1,1.932269650E1,-9.917926977E1,2.295842990E3,2.287986328E3,6.659999847E0,2.895000000E2,3.285453955E-1,3.790092468E0,2.561562300E0,2.100000000E1
8.829498432E1,1.932272157E1,-9.917932789E1,2.296000519E3,2.288143799E3,6.699999809E0,2.906000061E2,3.356658123E-1,3.790092468E0,2.825795650E0,2.100000000E1
8.929498432E1,1.932274027E1,-9.917939279E1,2.296210811E3,2.288354004E3,7.300000191E0,2.883999939E2,3.423444282E-1,3.790092468E0,2.983090401E0,2.000000000E1
9.029498432E1,1.932275952E1,-9.917945308E1,2.295972361E3,2.288115479E3,7.539999962E0,2.890000000E2,3.503117382E-1,3.790092468E0,2.899564505E0,1.900000000E1
9.129498432E1,1.932278099E1,-9.917952552E1,2.296408491E3,2.288551514E3,8.090000153E0,2.895000000E2,3.585916797E-1,3.790092468E0,2.908403397E0,1.900000000E1
9.229498432E1,1.932280334E1,-9.917960079E1,2.296975484E3,2.289118408E3,8.020000458E0,2.896000061E2,3.670825191E-1,3.790092468E0,2.919148445E0,2.000000000E1
9.329498432E1,1.932281961E1,-9.917967985E1,2.296740741E3,2.288883545E3,8.050000191E0,2.882999878E2,3.764436461E-1,3.790092468E0,2.978368759E0,2.100000000E1
9.429498432E1,1.932285485E1,-9.917976087E1,2.295682716E3,2.287825439E3,7.809999943E0,2.896000061E2,3.843637485E-1,3.790092468E0,2.982380629E0,2.000000000E1
9.529498432E1,1.932287781E1,-9.917983232E1,2.295294133E3,2.287436768E3,8.050000191E0,2.883999939E2,3.923306230E-1,3.790092468E0,2.732960224E0,1.900000000E1
9.629498432E1,1.932289878E1,-9.917990492E1,2.295776896E3,2.287919434E3,8.029999733E0,2.887999878E2,4.002242819E-1,3.790092468E0,3.124063492E0,1.900000000E1
9.729498432E1,1.932292041E1,-9.917997657E1,2.296314586E3,2.288457031E3,7.860000134E0,2.891000061E2,4.074764033E-1,3.790092468E0,3.395666122E0,2.000000000E1
9.829498432E1,1.932294644E1,-9.918003994E1,2.297190630E3,2.289333008E3,7.210000038E0,2.890000000E2,4.155336416E-1,3.790092468E0,3.194134235E0,2.000000000E1
9.929498432E1,1.932296865E1,-9.918011303E1,2.297353078E3,2.289495361E3,7.920000076E0,2.895000000E2,4.216199267E-1,3.790092468E0,3.220928669E0,2.100000000E1
1.002949843E2,1.932299505E1,-9.918016384E1,2.297439544E3,2.289581787E3,5.659999847E0,2.950000000E2,4.276046976E-1,3.790092468E0,3.054855585E0,2.100000000E1
1.012949843E2,1.932300491E1,-9.918021991E1,2.296555356E3,2.288697510E3,4.820000172E0,2.823999939E2,4.336097712E-1,3.790092468E0,3.205815077E0,1.500000000E1
1.022949843E2,1.932302003E1,-9.918027485E1,2.296301768E3,2.288443848E3,6.030000210E0,2.905000000E2,4.376681463E-1,3.790092468E0,3.290754080E0,1.800000000E1
1.032949843E2,1.932303398E1,-9.918031059E1,2.295727588E3,2.287869629E3,4.119999886E0,2.847000122E2,4.407795725E-1,3.790092468E0,3.398915529E0,1.900000000E1
1.042949843E2,1.932304479E1,-9.918033794E1,2.295499591E3,2.287641602E3,3.460000038E0,2.792000122E2,4.453773835E-1,3.790092468E0,3.283062458E0,1.800000000E1
1.052949843E2,1.932303425E1,-9.918038031E1,2.293987980E3,2.286129883E3,3.549999952E0,2.453000031E2,4.496954512E-1,3.790092468E0,3.375400305E0,1.900000000E1
1.062949843E2,1.932301637E1,-9.918041684E1,2.295573054E3,2.287714844E3,3.920000076E0,2.408000031E2,4.530422997E-1,3.836243868E0,3.760821104E0,1.700000000E1
1.072949843E2,1.932299064E1,-9.918043339E1,2.296523340E3,2.288665039E3,3.440000057E0,2.076999969E2,4.567475669E-1,3.790092468E0,3.531968117E0,2.000000000E1
1.082949843E2,1.932296625E1,-9.918045745E1,2.297164556E3,2.289306152E3,3.349999905E0,2.168999939E2,4.597976240E-1,3.945127249E0,3.777829409E0,1.800000000E1
1.092949843E2,1.932294075E1,-9.918046816E1,2.297288658E3,2.289430176E3,2.730000019E0,1.833000031E2,4.622667671E-1,3.959516764E0,3.750082493E0,2.000000000E1
1.102949843E2,1.932291922E1,-9.918047392E1,2.297844871E3,2.289986328E3,1.909999967E0,1.736999969E2,4.648666365E-1,3.790092468E0,3.446228027E0,2.000000000E1
1.112949843E2,1.932289588E1,-9.918047539E1,2.297824663E3,2.289966064E3,2.289999962E0,1.866999969E2,4.671294937E-1,3.790092468E0,3.337536335E0,1.900000000E1
1.122949843E2,1.932287562E1,-9.918047742E1,2.298807135E3,2.290948486E3,2.099999905E0,1.821000061E2,4.697471565E-1,3.790092468E0,3.324572563E0,1.900000000E1
1.132949843E2,1.932285427E1,-9.918046691E1,2.299092318E3,2.291233643E3,2.740000010E0,1.588000031E2,4.738146966E-1,3.790092468E0,3.377635717E0,2.000000000E1
1.142949843E2,1.932282455E1,-9.918044431E1,2.298071589E3,2.290212891E3,3.799999952E0,1.403000031E2,4.776365075E-1,3.790092468E0,3.176881075E0,2.000000000E1
1.152949843E2,1.932279689E1,-9.918042269E1,2.297217849E3,2.289359131E3,4.250000000E0,1.235000000E2,4.827179922E-1,3.790092468E0,3.309923649E0,2.100000000E1
1.162949843E2,1.932277622E1,-9.918037950E1,2.297378455E3,2.289519775E3,5.400000095E0,1.145000000E2,4.883349519E-1,3.790092468E0,3.050913572E0,1.800000000E1
1.172949843E2,1.932275548E1,-9.918033069E1,2.297778796E3,2.289920166E3,6.170000076E0,1.144000015E2,4.948370031E-1,3.790092468E0,2.675919056E0,1.900000000E1
1.182949843E2,1.932273580E1,-9.918027234E1,2.298045570E3,2.290187012E3,7.510000229E0,1.130000000E2,5.021221344E-1,3.790092468E0,2.512121439E0,2.000000000E1
1.192949843E2,1.932270733E1,-9.918020981E1,2.298478616E3,2.290620117E3,7.579999924E0,1.134000015E2,5.100326208E-1,3.790092468E0,2.500000000E0,1.900000000E1
1.202949843E2,1.932268092E1,-9.918013981E1,2.299087668E3,2.291229248E3,7.610000134E0,1.105999985E2,5.173094302E-1,3.790092468E0,2.500000000E0,2.100000000E1
1.212949843E2,1.932265312E1,-9.918007703E1,2.299580283E3,2.291721924E3,7.559999943E0,1.114000015E2,5.258376079E-1,3.790092468E0,2.592083693E0,2.000000000E1
1.222949843E2,1.932262770E1,-9.918000035E1,2.299945911E3,2.292087646E3,7.659999847E0,1.129000015E2,5.323181558E-1,3.790092468E0,2.566770554E0,2.000000000E1
1.232949843E2,1.932260556E1,-9.917994322E1,2.299539110E3,2.291680908E3,7.239999771E0,1.111999969E2,5.407707107E-1,3.790092468E0,2.560448885E0,2.200000000E1
1.242949843E2,1.932257475E1,-9.917986958E1,2.298681123E3,2.290822998E3,8.189999580E0,1.135999985E2,5.489537177E-1,3.790092468E0,2.500000000E0,2.300000000E1
1.252949843E2,1.932254537E1,-9.917979808E1,2.298582660E3,2.290724609E3,8.710000038E0,1.130000000E2,5.582267786E-1,3.790092468E0,2.500000000E0,2.000000000E1
1.262949843E2,1.932251211E1,-9.917971704E1,2.298464166E3,2.290606201E3,8.859999657E0,1.131999969E2,5.674986141E-1,3.790092468E0,2.500000000E0,2.300000000E1
1.272949843E2,1.932247985E1,-9.917963556E1,2.298236783E3,2.290378906E3,8.979999542E0,1.134000015E2,5.753193575E-1,3.790092468E0,2.500000000E0,2.200000000E1
1.282949843E2,1.932245066E1,-9.917956775E1,2.297172750E3,2.289314941E3,8.460000038E0,1.100999985E2,5.839114994E-1,3.790092468E0,2.500000000E0,1.900000000E1
1.292949843E2,1.932242281E1,-9.917949137E1,2.296184136E3,2.288326416E3,8.319999695E0,1.114000015E2,5.930130325E-1,3.790092468E0,2.500000000E0,1.900000000E1
1.302949843E2,1.932239152E1,-9.917941122E1,2.295801724E3,2.287944092E3,9.369999886E0,1.123000031E2,6.024677262E-1,3.790092468E0,2.500000000E0,1.900000000E1
1.312949843E2,1.932236030E1,-9.917932741E1,2.295385369E3,2.287527832E3,9.319999695E0,1.131999969E2,6.114806681E-1,3.790092468E0,2.500000000E0,2.000000000E1
1.322949843E2,1.932232893E1,-9.917924821E1,2.294863311E3,2.287005859E3,9.119999886E0,1.111999969E2,6.214849950E-1,3.790092468E0,2.500000000E0,2.000000000E1
1.332949843E2,1.932229589E1,-9.917915953E1,2.294611257E3,2.286753906E3,9.319999695E0,1.125999985E2,6.305215955E-1,3.790092468E0,2.500000000E0,1.800000000E1
1.342949843E2,1.932226451E1,-9.917908009E1,2.294782801E3,2.286925537E3,9.500000000E0,1.113000031E2,6.402719299E-1,3.790092468E0,2.500000000E0,2.100000000E1
1.352949843E2,1.932223703E1,-9.917899185E1,2.294736058E3,2.286878906E3,9.300000191E0,1.073000031E2,6.495826646E-1,3.790092468E0,2.500000000E0,1.900000000E1
1.362949843E2,1.932221533E1,-9.917890615E1,2.295048925E3,2.287191895E3,9.380000114E0,1.035999985E2,6.587484061E-1,3.790092468E0,2.500000000E0,2.100000000E1
1.372949843E2,1.932219259E1,-9.917882219E1,2.295467756E3,2.287610840E3,9.449999809E0,1.014000015E2,6.681255557E-1,3.790092468E0,2.500000000E0,1.700000000E1
1.382949843E2,1.932217261E1,-9.917873537E1,2.295295266E3,2.287438477E3,9.039999962E0,9.900000000E1,6.773125045E-1,3.790092468E0,2.500000000E0,2.200000000E1
1.392949843E2,1.932215847E1,-9.917864911E1,2.295780234E3,2.287923584E3,8.470000267E0,1.005999985E2,6.856459578E-1,3.790092468E0,2.500000000E0,2.100000000E1
1.402949843E2,1.932214457E1,-9.917857107E1,2.295352865E3,2.287496338E3,7.920000076E0,1.000000000E2,6.920733455E-1,3.790092468E0,2.500000000E0,2.100000000E1
1.412949843E2,1.932213820E1,-9.917851019E1,2.295710181E3,2.287853760E3,6.389999866E0,9.900000000E1,6.977125332E-1,3.790092468E0,2.500000000E0,2.100000000E1
1.422949843E2,1.932212817E1,-9.917845751E1,2.294756242E3,2.286899902E3,4.780000210E0,9.919999695E1,7.017782599E-1,3.790092468E0,2.500000000E0,2.000000000E1
1.432949843E2,1.932212603E1,-9.917841883E1,2.294652655E3,2.286796387E3,3.440000057E0,1.014000015E2,7.051556259E-1,3.790092468E0,2.500000000E0,2.000000000E1
1.442949843E2,1.932212304E1,-9.917838680E1,2.293936778E3,2.286080566E3,2.710000038E0,9.840000153E1,7.083195067E-1,3.790092468E0,2.500000000E0,1.900000000E1
1.452949843E2,1.932211992E1,-9.917835683E1,2.294069294E3,2.286213135E3,2.940000057E0,1.000000000E2,7.117340786E-1,3.790092468E0,2.500000000E0,2.100000000E1
1.462949843E2,1.932211687E1,-9.917832445E1,2.294464500E3,2.286608398E3,3.650000095E0,9.730000305E1,7.161652539E-1,3.790092468E0,2.500000000E0,1.900000000E1
1.472949843E2,1.932210970E1,-9.917828291E1,2.294385821E3,2.286529785E3,4.760000229E0,9.530000305E1,7.213913673E-1,3.790092468E0,2.500000000E0,2.000000000E1
1.482949843E2,1.932211036E1,-9.917823311E1,2.293595926E3,2.285739990E3,6.300000191E0,9.419999695E1,7.278656834E-1,3.790092468E0,2.500000000E0,1.700000000E1
1.492949843E2,1.932211054E1,-9.917817141E1,2.293011330E3,2.285155518E3,7.329999924E0,9.369999695E1,7.355007275E-1,3.790092468E0,2.500000000E0,1.900000000E1
1.502949843E2,1.932210596E1,-9.917809881E1,2.293188443E3,2.285332764E3,7.739999771E0,9.330000305E1,7.438947781E-1,3.790092468E0,2.500000000E0,1.900000000E1
1.512949843E2,1.932211035E1,-9.917801895E1,2.291819379E3,2.283963867E3,9.079999924E0,8.630000305E1,7.528276019E-1,3.790092468E0,2.500000000E0,1.900000000E1
1.522949843E2,1.932211963E1,-9.917793439E1,2.290995948E3,2.283140625E3,9.069999695E0,8.269999695E1,7.625746471E-1,3.790092468E0,2.500000000E0,2.100000000E1
1.532949843E2,1.932213516E1,-9.917784297E1,2.289884648E3,2.282029541E3,1.003999996E1,8.059999847E1,7.723792485E-1,3.790092468E0,2.500000000E0,1.900000000E1
1.542949843E2,1.932214958E1,-9.917775079E1,2.289045565E3,2.281190674E3,1.022999954E1,7.659999847E1,7.826570524E-1,3.790092468E0,2.500000000E0,2.100000000E1
1.552949843E2,1.932217286E1,-9.917765600E1,2.288738929E3,2.280884277E3,1.043999958E1,7.559999847E1,7.930780667E-1,3.790092468E0,2.500000000E0,2.000000000E1
1.562949843E2,1.932220240E1,-9.917756175E1,2.287703519E3,2.279849121E3,1.056000042E1,7.269999695E1,8.033419673E-1,3.790092468E0,2.500000000E0,1.900000000E1
1.572949843E2,1.932222991E1,-9.917746838E1,2.287580225E3,2.279726074E3,1.022000027E1,7.019999695E1,8.139377618E-1,3.790092468E0,2.500000000E0,1.900000000E1
1.582949843E2,1.932226296E1,-9.917737367E1,2.287521857E3,2.279667969E3,1.032999992E1,6.730000305E1,8.241207042E-1,3.790092468E0,2.500000000E0,1.900000000E1
1.592949843E2,1.932229940E1,-9.917728464E1,2.288294303E3,2.280440674E3,9.840000153E0,6.430000305E1,8.328426303E-1,3.790092468E0,2.500000000E0,1.900000000E1
1.602949843E2,1.932233345E1,-9.917720976E1,2.286698863E3,2.278845459E3,9.609999657E0,6.619999695E1,8.424716825E-1,3.790092468E0,2.500000000E0,1.900000000E1
1.612949843E2,1.932236585E1,-9.917712466E1,2.285981092E3,2.278127930E3,9.460000038E0,7.250000000E1,8.519968190E-1,3.790092468E0,2.500000000E0,1.900000000E1
1.622949843E2,1.932238962E1,-9.917703745E1,2.286413727E3,2.278560791E3,9.560000420E0,7.759999847E1,8.617789756E-1,3.790092468E0,2.500000000E0,2.000000000E1
1.632949843E2,1.932240224E1,-9.917694519E1,2.286291201E3,2.278438477E3,9.640000343E0,8.459999847E1,8.707044736E-1,3.790092468E0,2.500000000E0,1.900000000E1
1.642949843E2,1.932240010E1,-9.917686016E1,2.286088889E3,2.278236328E3,8.770000458E0,9.959999847E1,8.798004140E-1,3.790092468E0,2.500000000E0,2.100000000E1
1.652949843E2,1.932238181E1,-9.917677567E1,2.286298724E3,2.278446289E3,8.609999657E0,1.131999969E2,8.888776481E-1,3.790092468E0,2.500000000E0,1.800000000E1
1.662949843E2,1.932234352E1,-9.917669927E1,2.285763503E3,2.277911133E3,8.779999733E0,1.230999985E2,8.979751594E-1,3.790092468E0,2.500000000E0,1.900000000E1
1.672949843E2,1.932229164E1,-9.917663223E1,2.285734679E3,2.277882324E3,8.859999657E0,1.333000031E2,9.062965332E-1,3.790092468E0,2.500000000E0,2.000000000E1
1.682949843E2,1.932223312E1,-9.917658280E1,2.285799167E3,2.277946777E3,9.029999733E0,1.388000031E2,9.150596704E-1,3.790092468E0,2.500000000E0,1.500000000E1
1.692949843E2,1.932216479E1,-9.917654119E1,2.285544845E3,2.277692383E3,8.720000267E0,1.501000061E2,9.236115753E-1,3.790092468E0,2.500000000E0,2.000000000E1
1.702949843E2,1.932209314E1,-9.917651157E1,2.285823268E3,2.277970703E3,8.640000343E0,1.658000031E2,9.325643892E-1,3.790092468E0,2.500000000E0,1.900000000E1
1.712949843E2,1.932201349E1,-9.917649910E1,2.286251647E3,2.278398926E3,9.069999695E0,1.721000061E2,9.412852304E-1,3.790092468E0,2.500000000E0,1.700000000E1
1.722949843E2,1.932193533E1,-9.917650597E1,2.286215704E3,2.278362793E3,9.069999695E0,1.856000061E2,9.506724340E-1,3.790092468E0,2.500000000E0,1.800000000E1
1.732949843E2,1.932185094E1,-9.917650840E1,2.286386554E3,2.278533447E3,9.529999733E0,1.886999969E2,9.605788835E-1,3.790092468E0,2.500000000E0,1.700000000E1
1.742949843E2,1.932176223E1,-9.917651712E1,2.286971245E3,2.279117920E3,9.659999847E0,1.863999939E2,9.702516145E-1,3.790092468E0,2.500000000E0,1.600000000E1
1.752949843E2,1.932167573E1,-9.917652688E1,2.286814966E3,2.278961426E3,9.979999542E0,1.853000031E2,9.800858072E-1,3.790092468E0,2.500000000E0,1.900000000E1
1.762949843E2,1.932158729E1,-9.917652733E1,2.286501202E3,2.278647461E3,9.810000420E0,1.831000061E2,9.891567451E-1,3.790092468E0,2.500000000E0,1.600000000E1
1.772949843E2,1.932150574E1,-9.917652955E1,2.287054125E3,2.279200195E3,1.026000023E1,1.780000000E2,9.995753843E-1,3.790092468E0,2.500000000E0,1.700000000E1
1.782949843E2,1.932141205E1,-9.917652833E1,2.287519178E3,2.279665039E3,1.043999958E1,1.776999969E2,1.009411117E0,3.790092468E0,2.603330851E0,2.000000000E1
1.792949843E2,1.932132369E1,-9.917652399E1,2.288024252E3,2.280169922E3,9.630000114E0,1.771000061E2,1.019263079E0,3.790092468E0,2.500000000E0,1.800000000E1
1.802949843E2,1.932123551E1,-9.917651485E1,2.288473897E3,2.280619385E3,9.109999657E0,1.771000061E2,1.028885622E0,3.790092468E0,2.500000000E0,1.900000000E1
1.812949843E2,1.932114947E1,-9.917650503E1,2.288912060E3,2.281057373E3,8.329999924E0,1.745000000E2,1.037216425E0,3.790092468E0,2.500000000E0,1.900000000E1
1.822949843E2,1.932107566E1,-9.917649141E1,2.289285735E3,2.281430908E3,8.189999580E0,1.671000061E2,1.044973709E0,3.790092468E0,2.500000000E0,2.000000000E1
1.832949843E2,1.932100883E1,-9.917647020E1,2.290083696E3,2.282228760E3,7.179999828E0,1.681999969E2,1.051836156E0,3.790092468E0,2.500000000E0,2.000000000E1
1.842949843E2,1.932095002E1,-9.917645037E1,2.290267872E3,2.282412842E3,6.190000057E0,1.656000061E2,1.057462447E0,3.790092468E0,2.500000000E0,1.900000000E1
1.852949843E2,1.932090139E1,-9.917643556E1,2.290640999E3,2.282785889E3,5.389999866E0,1.668999939E2,1.062016713E0,3.790092468E0,2.500000000E0,2.100000000E1
1.862949843E2,1.932086100E1,-9.917642836E1,2.290727746E3,2.282872559E3,4.460000038E0,1.671999969E2,1.066010685E0,3.790092468E0,2.500000000E0,1.800000000E1
1.872949843E2,1.932082575E1,-9.917642105E1,2.291688505E3,2.283833252E3,3.859999895E0,1.643000031E2,1.069978074E0,3.790092468E0,2.500000000E0,1.900000000E1
1.882949843E2,1.932079063E1,-9.917642772E1,2.290304076E3,2.282448730E3,3.230000019E0,1.658999939E2,1.072693265E0,3.790092468E0,2.539190292E0,1.600000000E1
1.892949843E2,1.932076678E1,-9.917642217E1,2.290667156E3,2.282811768E3,2.009999990E0,1.666999969E2,1.074322327E0,3.790092468E0,2.595621824E0,1.900000000E1
1.902949843E2,1.932075282E1,-9.917641746E1,2.290985049E3,2.283129639E3,8.799999952E-1,1.671000061E2,1.075347826E0,3.790092468E0,2.534196138E0,1.600000000E1
1.912949843E2,1.932075531E1,-9.917640805E1,2.291144205E3,2.283288818E3,0.000000000E0,NaN,1.075860544E0,3.790092468E0,2.780263901E0,1.900000000E1
1.922949843E2,1.932075321E1,-9.917641240E1,2.291180351E3,2.283324951E3,0.000000000E0,NaN,1.589643926E0,3.790092468E0,2.913248777E0,1.900000000E1
1.928634984E2,1.932335500E1,-9.918045870E1,2.287757673E3,2.279900146E3,NaN,NaN,2.103973157E0,1.000000000E2,8.239685059E1,-1.000000000E0
1.938638587E2,1.932074654E1,-9.917641086E1,2.291054875E3,2.283199463E3,0.000000000E0,NaN,2.103976493E0,8.917512894E0,1.080949974E1,2.100000000E1
1.939172168E2,1.932074651E1,-9.917641086E1,2.291054387E3,2.283198975E3,0.000000000E0,NaN,2.114785886E0,8.917512894E0,1.080949974E1,2.100000000E1
1.949323637E2,1.932065024E1,-9.917639656E1,2.292674693E3,2.284819092E3,2.769999981E0,1.631000061E2,2.115897307E0,4.562311172E0,6.204806328E0,1.000000000E1
1.959238895E2,1.932064057E1,-9.917639388E1,2.293535550E3,2.285679932E3,3.549999952E0,1.646000061E2,2.118462060E0,3.790092468E0,4.534340382E0,1.900000000E1
1.969254940E2,1.932062071E1,-9.917638145E1,2.293200121E3,2.285344482E3,3.519999981E0,1.638000031E2,2.121224285E0,3.790092468E0,4.071631432E0,2.000000000E1
1.979306036E2,1.932059611E1,-9.917637779E1,2.293583470E3,2.285727783E3,2.339999914E0,1.643000031E2,2.122910250E0,3.790092468E0,3.506001234E0,2.000000000E1
1.989240534E2,1.932058213E1,-9.917637157E1,2.293670647E3,2.285814941E3,1.240000010E0,1.673999939E2,2.124293262E0,3.790092468E0,3.429524183E0,2.000000000E1
1.999240534E2,1.932057045E1,-9.917637610E1,2.294563749E3,2.286708008E3,9.800000191E-1,1.648000031E2,2.126086944E0,3.790092468E0,3.425576687E0,2.000000000E1
2.009240534E2,1.932055732E1,-9.917636617E1,2.294870888E3,2.287015137E3,1.610000014E0,1.593999939E2,2.128156516E0,3.790092468E0,2.841365576E0,2.100000000E1
2.019240534E2,1.932053987E1,-9.917635931E1,2.294430728E3,2.286574951E3,2.329999924E0,1.626999969E2,2.132212042E0,3.790092468E0,2.644585133E0,2.000000000E1
2.029240534E2,1.932050541E1,-9.917634665E1,2.295222773E3,2.287366943E3,3.980000019E0,1.648000031E2,2.136920714E0,3.790092468E0,2.500000000E0,2.000000000E1
2.039240534E2,1.932046519E1,-9.917633261E1,2.295309751E3,2.287453857E3,5.469999790E0,1.630000000E2,2.142732489E0,3.790092468E0,2.500000000E0,2.000000000E1
2.049240534E2,1.932041398E1,-9.917632153E1,2.295010284E3,2.287154297E3,5.980000019E0,1.630000000E2,2.148473158E0,3.790092468E0,2.635067701E0,1.800000000E1
2.059240534E2,1.932036446E1,-9.917630606E1,2.295528432E3,2.287672363E3,5.650000095E0,1.655000000E2,2.155093005E0,3.790092468E0,2.508426189E0,2.000000000E1
2.069240534E2,1.932030848E1,-9.917628459E1,2.295862989E3,2.288006836E3,7.280000210E0,1.598999939E2,2.161993043E0,3.790092468E0,2.500000000E0,2.000000000E1
2.079240534E2,1.932024868E1,-9.917626703E1,2.295895804E3,2.288039551E3,7.050000191E0,1.646999969E2,2.168945104E0,3.790092468E0,2.602675200E0,1.900000000E1
2.089240534E2,1.932018861E1,-9.917624866E1,2.295813628E3,2.287957275E3,7.769999981E0,1.651000061E2,2.177028671E0,3.790092468E0,2.802760124E0,1.900000000E1
2.099240534E2,1.932011832E1,-9.917622900E1,2.295418240E3,2.287561768E3,8.529999733E0,1.663999939E2,2.185544650E0,3.790092468E0,2.610389948E0,1.900000000E1
2.109240534E2,1.932004446E1,-9.917620754E1,2.295414459E3,2.287557861E3,9.000000000E0,1.663000031E2,2.194548869E0,3.790092468E0,2.504466057E0,1.900000000E1
2.119240534E2,1.931996474E1,-9.917619248E1,2.295353574E3,2.287496826E3,9.300000191E0,1.686000061E2,2.203909757E0,3.790092468E0,2.500000000E0,1.900000000E1
2.129240534E2,1.931988326E1,-9.917617005E1,2.296340042E3,2.288483154E3,9.539999962E0,1.686000061E2,2.213729315E0,3.790092468E0,2.500000000E0,2.000000000E1
2.139240534E2,1.931979642E1,-9.917615305E1,2.297777949E3,2.289920898E3,1.011999989E1,1.696000061E2,2.224217149E0,3.790092468E0,2.500000000E0,1.700000000E1
2.149240534E2,1.931970517E1,-9.917612776E1,2.298382109E3,2.290524902E3,1.018000031E1,1.691999969E2,2.234725749E0,3.790092468E0,2.500000000E0,1.800000000E1
2.159240534E2,1.931961231E1,-9.917610915E1,2.298657673E3,2.290800293E3,1.050000000E1,1.686999969E2,2.245227293E0,3.790092468E0,2.500000000E0,1.800000000E1
2.169240534E2,1.931951880E1,-9.917609512E1,2.298829487E3,2.290971924E3,1.072999954E1,1.685000000E2,2.255936756E0,3.790092468E0,2.500000000E0,1.800000000E1
2.179240534E2,1.931942377E1,-9.917607852E1,2.299673664E3,2.291815918E3,1.092000008E1,1.691000061E2,2.266943845E0,3.790092468E0,2.500000000E0,1.900000000E1
2.189240534E2,1.931932742E1,-9.917605446E1,2.299504400E3,2.291646484E3,1.107999992E1,1.676000061E2,2.278219678E0,3.790092468E0,2.500000000E0,2.200000000E1
2.199240534E2,1.931922736E1,-9.917603701E1,2.300480422E3,2.292622314E3,1.096000004E1,1.700000000E2,2.289604639E0,3.790092468E0,2.500000000E0,1.900000000E1
2.209240534E2,1.931912570E1,-9.917602410E1,2.301006994E3,2.293148682E3,1.077999973E1,1.691999969E2,2.300439195E0,3.790092468E0,2.500000000E0,2.000000000E1
2.219240534E2,1.931903050E1,-9.917600210E1,2.301404138E3,2.293545654E3,1.039000034E1,1.693999939E2,2.310904861E0,3.790092468E0,2.500000000E0,2.100000000E1
2.229240534E2,1.931893738E1,-9.917598760E1,2.301596459E3,2.293737793E3,1.022000027E1,1.700000000E2,2.320895983E0,3.790092468E0,2.500000000E0,1.800000000E1
2.239240534E2,1.931885075E1,-9.917596233E1,2.302335130E3,2.294476318E3,9.560000420E0,1.721000061E2,2.330693779E0,3.790092468E0,2.500000000E0,1.500000000E1
2.249240534E2,1.931876268E1,-9.917595939E1,2.302637569E3,2.294778564E3,9.600000381E0,1.768000031E2,2.340602697E0,3.790092468E0,2.500000000E0,1.800000000E1
2.259240534E2,1.931867357E1,-9.917595861E1,2.303087721E3,2.295228516E3,9.460000038E0,1.801999969E2,2.350104959E0,3.790092468E0,2.500000000E0,2.000000000E1
2.269240534E2,1.931858834E1,-9.917596519E1,2.303384801E3,2.295525391E3,9.520000458E0,1.845000000E2,2.359255798E0,3.790092468E0,2.500000000E0,1.900000000E1
2.279240534E2,1.931850700E1,-9.917597844E1,2.302910402E3,2.295050781E3,9.670000076E0,1.896999969E2,2.368953957E0,3.790092468E0,2.500000000E0,1.700000000E1
2.289240534E2,1.931842105E1,-9.917599414E1,2.303147688E3,2.295287842E3,9.439999580E0,1.913999939E2,2.377277220E0,3.790092468E0,2.500000000E0,1.400000000E1
2.299240534E2,1.931834959E1,-9.917601775E1,2.302937692E3,2.295077637E3,8.960000038E0,1.931000061E2,2.384705026E0,3.790092468E0,2.500000000E0,2.000000000E1
2.309240534E2,1.931828604E1,-9.917603956E1,2.303133924E3,2.295273682E3,7.909999847E0,1.993999939E2,2.391384187E0,3.790092468E0,2.500000000E0,1.600000000E1
2.319240534E2,1.931822930E1,-9.917606045E1,2.302597716E3,2.294737305E3,6.619999886E0,1.931000061E2,2.396936251E0,3.790092468E0,2.500000000E0,1.600000000E1
2.329240534E2,1.931818010E1,-9.917606947E1,2.302371527E3,2.294510986E3,5.849999905E0,1.973000031E2,2.402494873E0,3.790092468E0,2.500000000E0,1.700000000E1
2.339240534E2,1.931813381E1,-9.917608947E1,2.301886320E3,2.294025635E3,4.559999943E0,2.048999939E2,2.406108580E0,3.790092468E0,2.500000000E0,1.800000000E1
2.349240534E2,1.931810806E1,-9.917611048E1,2.302523627E3,2.294662842E3,3.119999886E0,2.106000061E2,2.410042730E0,3.790092468E0,2.500000000E0,1.600000000E1
2.359240534E2,1.931808009E1,-9.917613344E1,2.302796441E3,2.294935547E3,2.549999952E0,2.071000061E2,2.413406945E0,3.790092468E0,2.500000000E0,2.000000000E1
2.369240534E2,1.931805284E1,-9.917614737E1,2.302702780E3,2.294841797E3,3.269999981E0,2.051999969E2,2.417543040E0,3.790092468E0,2.500000000E0,1.800000000E1
2.379240534E2,1.931802025E1,-9.917616637E1,2.302930186E3,2.295069092E3,4.699999809E0,2.108000031E2,2.422805304E0,3.790092468E0,2.500000000E0,1.600000000E1
2.389240534E2,1.931798031E1,-9.917619327E1,2.303530672E3,2.295669434E3,5.739999771E0,2.100000000E2,2.428776062E0,3.790092468E0,2.500000000E0,1.400000000E1
2.399240534E2,1.931793466E1,-9.917622323E1,2.303637524E3,2.295776123E3,6.570000172E0,2.145000000E2,2.435779055E0,3.790092468E0,2.500000000E0,1.800000000E1
2.409240534E2,1.931788451E1,-9.917626360E1,2.303466574E3,2.295604980E3,7.289999962E0,2.195000000E2,2.443279598E0,3.790092468E0,2.500000000E0,1.700000000E1
2.419240534E2,1.931783100E1,-9.917630712E1,2.303691635E3,2.295829834E3,7.889999866E0,2.173999939E2,2.451765932E0,3.790092468E0,2.500000000E0,1.800000000E1
2.429240534E2,1.931777685E1,-9.917636411E1,2.304070533E3,2.296208496E3,8.529999733E0,2.243000031E2,2.460562269E0,3.790092468E0,2.500000000E0,1.900000000E1
2.439240534E2,1.931771818E1,-9.917642034E1,2.304461890E3,2.296599609E3,8.899999619E0,2.263999939E2,2.469939811E0,3.790092468E0,2.500000000E0,1.600000000E1
2.449240534E2,1.931765294E1,-9.917647697E1,2.304918693E3,2.297056152E3,9.210000038E0,2.296999969E2,2.478460455E0,3.790092468E0,2.501386404E0,1.600000000E1
2.459240534E2,1.931760135E1,-9.917653701E1,2.304314680E3,2.296451904E3,9.489999771E0,2.318999939E2,2.487777489E0,3.790092468E0,2.735944748E0,1.600000000E1
2.469240534E2,1.931754244E1,-9.917660015E1,2.303310544E3,2.295447510E3,9.130000114E0,2.301000061E2,2.497477631E0,3.813291550E0,2.959522247E0,1.400000000E1
2.479240534E2,1.931749883E1,-9.917668021E1,2.303811778E3,2.295948486E3,9.789999962E0,2.376999969E2,2.507506740E0,3.790092468E0,3.004115105E0,1.800000000E1
2.489240534E2,1.931745456E1,-9.917676348E1,2.304637483E3,2.296773926E3,1.002999973E1,2.401000061E2,2.517679207E0,3.790092468E0,3.108892679E0,1.800000000E1
2.499240534E2,1.931741276E1,-9.917684971E1,2.305350883E3,2.297487061E3,1.027999973E1,2.411000061E2,2.527683133E0,3.790092468E0,3.118428469E0,1.700000000E1
2.509240534E2,1.931736627E1,-9.917693133E1,2.306073562E3,2.298209473E3,1.031000042E1,2.411999969E2,2.538363666E0,3.790092468E0,3.020104885E0,2.000000000E1
2.519240534E2,1.931731965E1,-9.917702032E1,2.305841666E3,2.297977295E3,1.019999981E1,2.421999969E2,2.548075060E0,3.790092468E0,3.079470873E0,1.900000000E1
2.529240534E2,1.931728013E1,-9.917710285E1,2.307092651E3,2.299228027E3,1.003999996E1,2.441000061E2,2.558539577E0,3.790092468E0,3.112034082E0,1.700000000E1
2.539240534E2,1.931724395E1,-9.917719491E1,2.307766255E3,2.299901367E3,1.023999977E1,2.493999939E2,2.568392641E0,3.790092468E0,2.864498138E0,1.700000000E1
2.549240534E2,1.931721371E1,-9.917728317E1,2.307830219E3,2.299965088E3,9.960000038E0,2.491000061E2,2.578405964E0,3.790092468E0,2.634024143E0,1.700000000E1
2.559240534E2,1.931718333E1,-9.917737300E1,2.309085837E3,2.301220459E3,1.060000038E1,2.498999939E2,2.588279237E0,3.790092468E0,2.712942362E0,1.700000000E1
2.569240534E2,1.931715363E1,-9.917746167E1,2.309417867E3,2.301552246E3,9.930000305E0,2.503999939E2,2.598936266E0,3.790092468E0,2.671654940E0,1.700000000E1
2.579240534E2,1.931712671E1,-9.917755914E1,2.310206207E3,2.302340332E3,1.050000000E1,2.528000031E2,2.609822063E0,3.790092468E0,2.769982815E0,1.800000000E1
2.589240534E2,1.931709898E1,-9.917765863E1,2.311152756E3,2.303286621E3,1.010999966E1,2.551000061E2,2.620267664E0,3.790092468E0,2.822035313E0,1.900000000E1
2.599240534E2,1.931707346E1,-9.917775443E1,2.311979419E3,2.304113037E3,1.019999981E1,2.563999939E2,2.630659700E0,3.790092468E0,2.705877781E0,2.000000000E1
2.609240534E2,1.931705812E1,-9.917785212E1,2.312915927E3,2.305049316E3,1.038000011E1,2.588999939E2,2.640805407E0,3.790092468E0,2.664252758E0,1.600000000E1
2.619240534E2,1.931703936E1,-9.917794674E1,2.313004536E3,2.305137695E3,1.017000008E1,2.596000061E2,2.651901120E0,3.790092468E0,2.561131001E0,1.700000000E1
2.629240534E2,1.931702727E1,-9.917805170E1,2.313878550E3,2.306011475E3,1.050000000E1,2.613999939E2,2.663074954E0,3.790092468E0,2.568413734E0,1.800000000E1
2.639240534E2,1.931701428E1,-9.917815729E1,2.314613896E3,2.306746582E3,1.064000034E1,2.635000000E2,2.675234320E0,3.790092468E0,2.504575729E0,1.800000000E1
2.649240534E2,1.931700492E1,-9.917827274E1,2.314663707E3,2.306796143E3,1.090999985E1,2.652999878E2,2.687222658E0,3.790092468E0,2.618990421E0,1.900000000E1
2.659240534E2,1.931699238E1,-9.917838621E1,2.314189839E3,2.306322021E3,1.122000027E1,2.656000061E2,2.697625165E0,3.790092468E0,2.612519264E0,2.100000000E1
2.669240534E2,1.931699037E1,-9.917848532E1,2.314352882E3,2.306484863E3,1.114000034E1,2.687000122E2,2.708954858E0,3.790092468E0,2.500000000E0,1.900000000E1
2.679240534E2,1.931699343E1,-9.917859324E1,2.315185120E3,2.307316895E3,1.157999992E1,2.705000000E2,2.719958482E0,3.790092468E0,2.500000000E0,2.000000000E1
2.689240534E2,1.931699585E1,-9.917869807E1,2.314896260E3,2.307027832E3,1.148999977E1,2.697000122E2,2.732011075E0,3.790092468E0,2.730412960E0,2.000000000E1
2.699240534E2,1.931700593E1,-9.917881243E1,2.316156473E3,2.308287842E3,1.209000015E1,2.743999939E2,2.744217761E0,3.790092468E0,2.631518841E0,2.000000000E1
2.709240534E2,1.931701616E1,-9.917892825E1,2.317010928E3,2.309142090E3,1.210000038E1,2.742999878E2,2.755730254E0,3.790092468E0,2.509397268E0,2.100000000E1
2.719240534E2,1.931702742E1,-9.917903731E1,2.317895151E3,2.310026123E3,1.160000038E1,2.752000122E2,2.767540203E0,3.790092468E0,2.500000000E0,2.200000000E1
2.729240534E2,1.931703471E1,-9.917914959E1,2.318430514E3,2.310561279E3,1.178999996E1,2.733999939E2,2.779463345E0,3.790092468E0,2.500000000E0,2.000000000E1
2.739240534E2,1.931704129E1,-9.917926300E1,2.318545225E3,2.310675781E3,1.135999966E1,2.763999939E2,2.791440983E0,3.790092468E0,2.500000000E0,2.300000000E1
2.749240534E2,1.931705226E1,-9.917937655E1,2.318969498E3,2.311099854E3,1.127000046E1,2.752999878E2,2.802950650E0,3.790092468E0,2.500000000E0,2.100000000E1
2.759240534E2,1.931706246E1,-9.917948570E1,2.319779017E3,2.311909180E3,1.078999996E1,2.738999939E2,2.813084603E0,3.790092468E0,2.500000000E0,2.300000000E1
2.769240534E2,1.931707157E1,-9.917958179E1,2.319884167E3,2.312014160E3,9.880000114E0,2.727000122E2,2.823098421E0,3.790092468E0,2.500000000E0,1.900000000E1
2.779240534E2,1.931707587E1,-9.917967711E1,2.319794503E3,2.311924316E3,9.779999733E0,2.731000061E2,2.831493072E0,3.790092468E0,2.500000000E0,2.000000000E1
2.789240534E2,1.931708047E1,-9.917975696E1,2.320267063E3,2.312396729E3,8.489999771E0,2.721000061E2,2.839678266E0,3.790092468E0,2.500000000E0,2.000000000E1
2.799240534E2,1.931708673E1,-9.917983468E1,2.321046988E3,2.313176514E3,8.250000000E0,2.720000000E2,2.846913301E0,3.790092468E0,2.500000000E0,2.100000000E1
2.809240534E2,1.931708821E1,-9.917990361E1,2.321267580E3,2.313396973E3,6.989999771E0,2.713999939E2,2.852994348E0,3.790092468E0,2.500000000E0,1.800000000E1
2.819240534E2,1.931708795E1,-9.917996156E1,2.322183223E3,2.314312500E3,6.090000153E0,2.703999939E2,2.858329641E0,3.790092468E0,2.500000000E0,2.200000000E1
2.829240534E2,1.931708970E1,-9.918001237E1,2.322017548E3,2.314146729E3,4.789999962E0,2.703999939E2,2.862865567E0,3.790092468E0,2.500000000E0,2.000000000E1
2.839240534E2,1.931708426E1,-9.918005521E1,2.321005926E3,2.313135010E3,4.139999866E0,2.540000000E2,2.867236330E0,3.790092468E0,2.621577740E0,1.700000000E1
2.849240534E2,1.931706857E1,-9.918009340E1,2.321167170E3,2.313296143E3,4.079999924E0,2.241000061E2,2.870353284E0,3.790092468E0,2.514889479E0,2.100000000E1
2.859240534E2,1.931704153E1,-9.918010123E1,2.320170665E3,2.312299561E3,3.839999914E0,1.923999939E2,2.873697516E0,3.790092468E0,2.500000000E0,1.700000000E1
2.869240534E2,1.931701205E1,-9.918010754E1,2.319772551E3,2.311901367E3,2.730000019E0,1.816000061E2,2.876839714E0,3.790092468E0,2.500000000E0,2.100000000E1
2.879240534E2,1.931698439E1,-9.918010141E1,2.319105365E3,2.311234131E3,2.740000010E0,1.656999969E2,2.881350956E0,3.790092468E0,2.500000000E0,1.700000000E1
2.889240534E2,1.931695358E1,-9.918007344E1,2.319150789E3,2.311279541E3,4.639999866E0,1.358999939E2,2.887347275E0,3.790092468E0,2.500000000E0,2.200000000E1
2.899240534E2,1.931693063E1,-9.918002173E1,2.318174176E3,2.310302979E3,6.110000134E0,1.098000031E2,2.893488284E0,3.790092468E0,2.500000000E0,1.700000000E1
2.909240534E2,1.931691718E1,-9.917996497E1,2.318167258E3,2.310296143E3,6.769999981E0,9.609999847E1,2.900543890E0,3.790092468E0,2.500000000E0,2.100000000E1
2.919240534E2,1.931690932E1,-9.917989825E1,2.317691802E3,2.309820801E3,7.440000057E0,9.509999847E1,2.908268672E0,3.790092468E0,2.500000000E0,1.800000000E1
2.929240534E2,1.931689370E1,-9.917982652E1,2.316649703E3,2.308778809E3,8.430000305E0,9.530000305E1,2.917389797E0,3.790092468E0,2.500000000E0,2.000000000E1
2.939240534E2,1.931688870E1,-9.917973976E1,2.315728156E3,2.307857422E3,8.960000038E0,9.269999695E1,2.926924861E0,3.790092468E0,2.500000000E0,1.800000000E1
2.949240534E2,1.931688178E1,-9.917964919E1,2.315665004E3,2.307794434E3,9.529999733E0,9.469999695E1,2.936986931E0,3.790092468E0,2.500000000E0,1.800000000E1
2.959240534E2,1.931688000E1,-9.917955332E1,2.315428978E3,2.307558594E3,9.640000343E0,9.019999695E1,2.947263914E0,3.790092468E0,2.500000000E0,2.000000000E1
2.969240534E2,1.931687512E1,-9.917945552E1,2.315318932E3,2.307448730E3,1.003999996E1,9.130000305E1,2.957352052E0,3.790092468E0,2.500000000E0,1.800000000E1
2.979240534E2,1.931686917E1,-9.917935959E1,2.314600982E3,2.306730957E3,1.027999973E1,9.269999695E1,2.968153184E0,3.790092468E0,2.500000000E0,2.000000000E1
2.989240534E2,1.931686390E1,-9.917925681E1,2.314024130E3,2.306154297E3,1.064000034E1,9.159999847E1,2.978246024E0,3.790092468E0,2.500000000E0,1.600000000E1
2.999240534E2,1.931686532E1,-9.917916064E1,2.313006358E3,2.305136719E3,1.018999958E1,9.200000000E1,2.988265804E0,3.790092468E0,2.500000000E0,1.900000000E1
3.009240534E2,1.931686129E1,-9.917906525E1,2.312345534E3,2.304476074E3,9.670000076E0,9.159999847E1,2.996535973E0,3.790092468E0,2.500000000E0,1.800000000E1
3.019240534E2,1.931685652E1,-9.917898660E1,2.311665945E3,2.303796631E3,8.470000267E0,9.130000305E1,3.004951665E0,3.790092468E0,2.500000000E0,1.700000000E1
3.029240534E2,1.931685093E1,-9.917890662E1,2.310878446E3,2.303009277E3,7.679999828E0,9.200000000E1,3.011612202E0,3.790092468E0,2.500000000E0,2.000000000E1
3.039240534E2,1.931685434E1,-9.917884325E1,2.310602678E3,2.302733643E3,6.019999981E0,9.230000305E1,3.016572626E0,3.790092468E0,2.500000000E0,2.000000000E1
3.049240534E2,1.931685468E1,-9.917879598E1,2.311100630E3,2.303231689E3,4.150000095E0,9.519999695E1,3.021323539E0,3.790092468E0,2.500000000E0,1.600000000E1
3.059240534E2,1.931684686E1,-9.917875147E1,2.310287816E3,2.302418945E3,4.559999943E0,9.450000000E1,3.026057667E0,3.790092468E0,2.500000000E0,1.700000000E1
3.069240534E2,1.931683592E1,-9.917870787E1,2.310377598E3,2.302508789E3,5.070000172E0,1.089000015E2,3.030642226E0,3.790092468E0,2.500000000E0,1.700000000E1
3.079240534E2,1.931681392E1,-9.917867092E1,2.310768199E3,2.302899414E3,4.769999981E0,1.250000000E2,3.035296170E0,3.790092468E0,2.500000000E0,1.700000000E1
3.089240534E2,1.931678461E1,-9.917863926E1,2.309882949E3,2.302014160E3,4.800000191E0,1.455000000E2,3.038567888E0,3.790092468E0,2.500000000E0,2.000000000E1
3.099240534E2,1.931675622E1,-9.917863107E1,2.309806093E3,2.301937256E3,4.300000191E0,1.651999969E2,3.041995309E0,3.790092468E0,2.500000000E0,2.000000000E1
3.109240534E2,1.931672572E1,-9.917862635E1,2.309824463E3,2.301955566E3,3.009999990E0,1.856000061E2,3.044024687E0,3.790092468E0,2.500000000E0,2.100000000E1
3.119240534E2,1.931670748E1,-9.917862701E1,2.310313031E3,2.302444092E3,1.360000014E0,2.026000061E2,3.045462439E0,3.790092468E0,2.500000000E0,1.600000000E1
3.129240534E2,1.931669455E1,-9.917862699E1,2.311440746E3,2.303571777E3,1.259999990E0,1.870000000E2,3.046901519E0,3.790092468E0,2.500000000E0,2.000000000E1
3.139240534E2,1.931668172E1,-9.917862879E1,2.311695173E3,2.303826172E3,1.200000048E0,1.743999939E2,3.048542139E0,3.790092468E0,2.500000000E0,2.200000000E1
3.149240534E2,1.931666730E1,-9.917863210E1,2.311786521E3,2.303917480E3,1.230000019E0,1.806000061E2,3.050103747E0,3.790092468E0,2.500000000E0,2.200000000E1
3.159240534E2,1.931665326E1,-9.917863245E1,2.312423272E3,2.304554199E3,2.049999952E0,1.871000061E2,3.053040916E0,3.790092468E0,2.500000000E0,2.100000000E1
3.169240534E2,1.931662724E1,-9.917862763E1,2.312702862E3,2.304833740E3,3.950000048E0,1.846999969E2,3.057272513E0,3.790092468E0,2.500000000E0,2.100000000E1
3.179240534E2,1.931659026E1,-9.917863715E1,2.312052818E3,2.304183594E3,5.099999905E0,1.861000061E2,3.062796165E0,3.790092468E0,2.500000000E0,2.100000000E1
3.189240534E2,1.931654065E1,-9.917863985E1,2.312405963E3,2.304536621E3,6.099999905E0,1.856000061E2,3.068864340E0,3.790092468E0,2.500000000E0,2.100000000E1
3.199240534E2,1.931648694E1,-9.917865009E1,2.312826759E3,2.304957275E3,6.800000191E0,1.861000061E2,3.075826178E0,3.790092468E0,2.500000000E0,1.800000000E1
3.209240534E2,1.931642521E1,-9.917866117E1,2.313444108E3,2.305574463E3,7.230000019E0,1.868000031E2,3.083485948E0,3.790092468E0,2.500000000E0,2.100000000E1
3.219240534E2,1.931635651E1,-9.917866653E1,2.314474304E3,2.306604492E3,7.880000114E0,1.863999939E2,3.091545717E0,3.790092468E0,2.500000000E0,1.900000000E1
3.229240534E2,1.931628429E1,-9.917867307E1,2.314668084E3,2.306798096E3,8.140000343E0,1.858999939E2,3.099941522E0,3.790092468E0,2.500000000E0,1.900000000E1
3.239240534E2,1.931620984E1,-9.917868640E1,2.314996403E3,2.307126221E3,8.390000343E0,1.871999969E2,3.108746114E0,3.790092468E0,2.500000000E0,1.700000000E1
3.249240534E2,1.931613114E1,-9.917869564E1,2.315713153E3,2.307842773E3,8.850000381E0,1.865000000E2,3.117333446E0,3.790092468E0,2.500000000E0,1.900000000E1
3.259240534E2,1.931605430E1,-9.917870383E1,2.315878138E3,2.308007568E3,8.819999695E0,1.866999969E2,3.126160507E0,3.790092468E0,2.500000000E0,2.000000000E1
3.269240534E2,1.931597565E1,-9.917871524E1,2.316602948E3,2.308732178E3,8.899999619E0,1.865000000E2,3.134718899E0,3.790092468E0,2.500000000E0,1.900000000E1
3.279240534E2,1.931589900E1,-9.917872264E1,2.316629014E3,2.308758057E3,9.069999695E0,1.860000000E2,3.143258433E0,3.790092468E0,2.500000000E0,2.100000000E1
3.289240534E2,1.931582418E1,-9.917874099E1,2.316583322E3,2.308712158E3,9.100000381E0,1.865000000E2,3.152279275E0,3.790092468E0,2.500000000E0,2.100000000E1
3.299240534E2,1.931574356E1,-9.917875058E1,2.316834500E3,2.308963135E3,9.130000114E0,1.863999939E2,3.161301096E0,3.790092468E0,2.500000000E0,1.800000000E1
3.309240534E2,1.931566273E1,-9.917875803E1,2.317157939E3,2.309286377E3,8.979999542E0,1.860000000E2,3.170099336E0,3.790092468E0,2.500000000E0,2.000000000E1
3.319240534E2,1.931558447E1,-9.917877039E1,2.317453307E3,2.309581543E3,8.130000114E0,1.881999969E2,3.178232205E0,3.790092468E0,2.500000000E0,2.100000000E1
3.329240534E2,1.931551168E1,-9.917877797E1,2.318296016E3,2.310424072E3,7.760000229E0,1.853000031E2,3.185603431E0,3.790092468E0,2.500000000E0,2.100000000E1
3.339240534E2,1.931544643E1,-9.917879037E1,2.318037155E3,2.310165039E3,6.900000095E0,1.881999969E2,3.192318738E0,3.790092468E0,2.500000000E0,1.900000000E1
3.349240534E2,1.931538625E1,-9.917879573E1,2.318289011E3,2.310416748E3,6.510000229E0,1.888000031E2,3.197819951E0,3.790092468E0,2.500000000E0,2.000000000E1
3.359240534E2,1.931533772E1,-9.917880592E1,2.318137041E3,2.310264648E3,5.159999847E0,1.880000000E2,3.201883264E0,3.790092468E0,2.500000000E0,1.900000000E1
3.369240534E2,1.931530159E1,-9.917881172E1,2.318072681E3,2.310200195E3,3.539999962E0,1.856000061E2,3.205112365E0,3.790092468E0,2.500000000E0,1.900000000E1
3.379240534E2,1.931527255E1,-9.917881174E1,2.318932122E3,2.311059570E3,2.319999933E0,1.883000031E2,3.207388945E0,3.790092468E0,2.500000000E0,2.200000000E1
3.389240534E2,1.931525215E1,-9.917881358E1,2.319151410E3,2.311278809E3,2.059999943E0,1.891999969E2,3.209785950E0,3.790092468E0,2.500000000E0,2.100000000E1
3.399240534E2,1.931523075E1,-9.917881083E1,2.319617762E3,2.311745117E3,2.960000038E0,1.868000031E2,3.213977945E0,3.790092468E0,2.500000000E0,1.900000000E1
3.409240534E2,1.931519337E1,-9.917881602E1,2.319554624E3,2.311681885E3,4.030000210E0,1.851000061E2,3.218467664E0,3.790092468E0,2.500000000E0,2.200000000E1
3.419240534E2,1.931515363E1,-9.917882359E1,2.319352336E3,2.311479492E3,5.119999886E0,1.855000000E2,3.224415222E0,3.790092468E0,2.500000000E0,2.100000000E1
3.429240534E2,1.931510122E1,-9.917883491E1,2.318807311E3,2.310934326E3,5.829999924E0,1.863999939E2,3.230261482E0,3.790092468E0,2.500000000E0,2.100000000E1
3.439240534E2,1.931504918E1,-9.917884285E1,2.318836254E3,2.310963135E3,6.130000114E0,1.856999969E2,3.236486007E0,3.790092468E0,2.500000000E0,2.200000000E1
3.449240534E2,1.931499334E1,-9.917884702E1,2.319019738E3,2.311146484E3,6.340000153E0,1.855000000E2,3.241760637E0,3.790092468E0,2.500000000E0,2.400000000E1
3.459240534E2,1.931494607E1,-9.917885122E1,2.318913408E3,2.311040039E3,5.630000114E0,1.886999969E2,3.246864693E0,3.790092468E0,2.500000000E0,2.200000000E1
3.469240534E2,1.931490017E1,-9.917885166E1,2.319358825E3,2.311485352E3,4.949999809E0,1.848000031E2,3.250932242E0,3.790092468E0,2.500000000E0,2.000000000E1
3.479240534E2,1.931486363E1,-9.917885348E1,2.319480493E3,2.311606934E3,3.329999924E0,1.826999969E2,3.254718674E0,3.790092468E0,2.500000000E0,2.200000000E1
3.489240534E2,1.931483028E1,-9.917886077E1,2.319767693E3,2.311894043E3,3.009999990E0,1.841000061E2,3.258658743E0,3.790092468E0,2.500000000E0,1.900000000E1
3.499240534E2,1.931479490E1,-9.917886284E1,2.319577103E3,2.311703369E3,4.159999847E0,1.835000000E2,3.263769677E0,3.790092468E0,2.500000000E0,2.000000000E1
3.509240534E2,1.931474924E1,-9.917886843E1,2.319921700E3,2.312047852E3,5.500000000E0,1.856000061E2,3.269223914E0,3.790092468E0,2.500000000E0,1.800000000E1
3.519240534E2,1.931470136E1,-9.917887972E1,2.320071489E3,2.312197510E3,6.469999790E0,1.870000000E2,3.275787372E0,3.790092468E0,2.500000000E0,1.900000000E1
3.529240534E2,1.931464322E1,-9.917889052E1,2.320056993E3,2.312182861E3,7.550000191E0,1.895000000E2,3.283774019E0,3.790092468E0,2.500000000E0,2.100000000E1
3.539240534E2,1.931457163E1,-9.917889668E1,2.320004433E3,2.312130127E3,8.329999924E0,1.875000000E2,3.292534413E0,3.790092468E0,2.500000000E0,2.000000000E1
3.549240534E2,1.931449342E1,-9.917890674E1,2.319985831E3,2.312111328E3,8.939999580E0,1.891999969E2,3.301995795E0,3.790092468E0,2.500000000E0,2.100000000E1
3.559240534E2,1.931440962E1,-9.917892237E1,2.320092009E3,2.312217285E3,9.250000000E0,1.870000000E2,3.311634879E0,3.790092468E0,2.500000000E0,2.300000000E1
3.569240534E2,1.931432312E1,-9.917892839E1,2.320099785E3,2.312224854E3,9.479999542E0,1.870000000E2,3.321127715E0,3.790092468E0,2.500000000E0,2.300000000E1
3.579240534E2,1.931423845E1,-9.917893996E1,2.319786278E3,2.311911133E3,9.439999580E0,1.870000000E2,3.331006448E0,3.790092468E0,2.500000000E0,2.200000000E1
3.589240534E2,1.931415037E1,-9.917895226E1,2.320191287E3,2.312315918E3,9.520000458E0,1.861000061E2,3.340379745E0,3.790092468E0,2.500000000E0,2.300000000E1
3.599240534E2,1.931406637E1,-9.917895974E1,2.320091883E3,2.312216309E3,9.289999962E0,1.868999939E2,3.349687253E0,3.790092468E0,2.500000000E0,2.100000000E1
3.609240534E2,1.931398304E1,-9.917896812E1,2.320824021E3,2.312948242E3,9.079999924E0,1.868000031E2,3.358502921E0,3.790092468E0,2.500000000E0,1.900000000E1
3.619240534E2,1.931390463E1,-9.917898054E1,2.320915532E3,2.313039551E3,8.489999771E0,1.880000000E2,3.367190836E0,3.790092468E0,2.500000000E0,2.000000000E1
3.629240534E2,1.931382863E1,-9.917899975E1,2.320811006E3,2.312934814E3,7.639999866E0,1.860000000E2,3.373492067E0,3.790092468E0,2.500000000E0,2.000000000E1
3.639240534E2,1.931377214E1,-9.917900451E1,2.321151231E3,2.313274902E3,6.050000191E0,1.866999969E2,3.378634349E0,3.790092468E0,2.500000000E0,2.000000000E1
3.649240534E2,1.931372602E1,-9.917900812E1,2.320878637E3,2.313002197E3,3.970000029E0,1.878999939E2,3.382043548E0,3.790092468E0,2.500000000E0,1.800000000E1
3.659240534E2,1.931369692E1,-9.917901835E1,2.320785217E3,2.312908691E3,3.089999914E0,1.863999939E2,3.385465357E0,3.790092468E0,2.500000000E0,2.000000000E1
3.669240534E2,1.931366615E1,-9.917901881E1,2.320752573E3,2.312875977E3,3.089999914E0,1.886000061E2,3.389324062E0,3.790092468E0,2.500000000E0,2.200000000E1
3.679240534E2,1.931363166E1,-9.917902287E1,2.320506077E3,2.312629395E3,3.589999914E0,1.878000031E2,3.394295349E0,3.790092468E0,2.500000000E0,2.200000000E1
3.689240534E2,1.931358726E1,-9.917902842E1,2.320541833E3,2.312665039E3,4.849999905E0,1.856999969E2,3.399923900E0,3.790092468E0,2.500000000E0,2.100000000E1
3.699240534E2,1.931353691E1,-9.917903394E1,2.320661831E3,2.312784912E3,6.139999866E0,1.871000061E2,3.406760236E0,3.790092468E0,2.500000000E0,2.300000000E1
3.709240534E2,1.931347543E1,-9.917903424E1,2.321497176E3,2.313620117E3,7.519999981E0,1.856000061E2,3.414606124E0,3.790092468E0,2.500000000E0,2.300000000E1
3.719240534E2,1.931340519E1,-9.917904135E1,2.321905308E3,2.314028076E3,8.390000343E0,1.868999939E2,3.423780151E0,3.790092468E0,2.500000000E0,2.100000000E1
3.729240534E2,1.931332304E1,-9.917904944E1,2.322177238E3,2.314299805E3,8.989999771E0,1.866000061E2,3.432797112E0,3.790092468E0,2.500000000E0,2.300000000E1
3.739240534E2,1.931324211E1,-9.917905486E1,2.322309024E3,2.314431396E3,9.609999657E0,1.863000031E2,3.442417819E0,3.790092468E0,2.500000000E0,2.300000000E1
3.749240534E2,1.931315691E1,-9.917907082E1,2.321952803E3,2.314074951E3,9.880000114E0,1.863999939E2,3.452771815E0,3.790092468E0,2.500000000E0,2.100000000E1
3.759240534E2,1.931306432E1,-9.917908129E1,2.321677154E3,2.313799072E3,1.007999992E1,1.860000000E2,3.462531905E0,3.790092468E0,2.500000000E0,2.100000000E1
3.769240534E2,1.931297695E1,-9.917909021E1,2.321417848E3,2.313539551E3,1.030000019E1,1.861000061E2,3.472997067E0,3.790092468E0,2.500000000E0,2.200000000E1
3.779240534E2,1.931288307E1,-9.917909726E1,2.321668075E3,2.313789551E3,1.044999981E1,1.861000061E2,3.483882221E0,3.790092468E0,2.500000000E0,2.200000000E1
3.789240534E2,1.931278552E1,-9.917910593E1,2.322181252E3,2.314302490E3,1.068999958E1,1.863000031E2,3.494646288E0,3.790092468E0,2.500000000E0,2.000000000E1
3.799240534E2,1.931268904E1,-9.917911431E1,2.322321868E3,2.314442871E3,1.086999989E1,1.866999969E2,3.504689917E0,3.790092468E0,2.500000000E0,2.200000000E1
3.809240534E2,1.931260015E1,-9.917913130E1,2.321794759E3,2.313915527E3,1.085000038E1,1.866999969E2,3.515283415E0,3.790092468E0,2.500000000E0,2.000000000E1
3.819240534E2,1.931250518E1,-9.917913930E1,2.321877753E3,2.313998291E3,1.085999966E1,1.863000031E2,3.525672085E0,3.790092468E0,2.500000000E0,2.200000000E1
3.829240534E2,1.931241295E1,-9.917915510E1,2.322293765E3,2.314414062E3,1.092000008E1,1.863000031E2,3.536620191E0,3.790092468E0,2.500000000E0,2.000000000E1
3.839240534E2,1.931231564E1,-9.917917099E1,2.322485667E3,2.314605713E3,1.085000038E1,1.861999969E2,3.547473011E0,3.790092468E0,2.500000000E0,2.100000000E1
3.849240534E2,1.931221881E1,-9.917918397E1,2.322458568E3,2.314578369E3,1.068999958E1,1.853000031E2,3.558362626E0,3.790092468E0,2.500000000E0,2.000000000E1
3.859240534E2,1.931212136E1,-9.917919426E1,2.322130195E3,2.314249756E3,1.073999977E1,1.858999939E2,3.569507951E0,3.790092468E0,2.500000000E0,2.200000000E1
3.869240534E2,1.931202135E1,-9.917920133E1,2.321721256E3,2.313840576E3,1.071000004E1,1.861000061E2,3.580512287E0,3.790092468E0,2.500000000E0,1.900000000E1
3.879240534E2,1.931192318E1,-9.917921459E1,2.322029610E3,2.314148682E3,1.064000034E1,1.860000000E2,3.591302773E0,3.790092468E0,2.500000000E0,2.300000000E1
3.889240534E2,1.931182649E1,-9.917922333E1,2.322127746E3,2.314246582E3,1.073999977E1,1.871000061E2,3.602300759E0,3.790092468E0,2.500000000E0,1.900000000E1
3.899240534E2,1.931172877E1,-9.917923952E1,2.321901437E3,2.314020020E3,1.046000004E1,1.876999969E2,3.612531224E0,3.790092468E0,2.500000000E0,2.200000000E1
3.909240534E2,1.931163820E1,-9.917925667E1,2.321250797E3,2.313369141E3,1.021000004E1,1.866000061E2,3.623051943E0,3.790092468E0,2.500000000E0,2.000000000E1
3.919240534E2,1.931154450E1,-9.917927058E1,2.321066222E3,2.313184326E3,9.979999542E0,1.870000000E2,3.632619665E0,3.790092468E0,2.500000000E0,2.000000000E1
3.929240534E2,1.931145912E1,-9.917928189E1,2.320897981E3,2.313015869E3,9.470000267E0,1.886000061E2,3.641582095E0,3.790092468E0,2.609220028E0,2.200000000E1
3.939240534E2,1.931138036E1,-9.917930004E1,2.319735597E3,2.311853271E3,9.109999657E0,1.883999939E2,3.650470922E0,3.790092468E0,2.804769516E0,2.200000000E1
3.949240534E2,1.931130080E1,-9.917930828E1,2.319945755E3,2.312063232E3,8.500000000E0,1.870000000E2,3.658649902E0,3.790092468E0,2.672242641E0,1.900000000E1
3.959240534E2,1.931122818E1,-9.917932067E1,2.320582906E3,2.312700195E3,8.090000153E0,1.888999939E2,3.667206491E0,3.790092468E0,2.737614870E0,2.000000000E1
3.969240534E2,1.931115221E1,-9.917933365E1,2.320324071E3,2.312441162E3,7.619999886E0,1.883000031E2,3.675186218E0,3.790092468E0,2.500000000E0,1.900000000E1
3.979240534E2,1.931108066E1,-9.917933951E1,2.320167018E3,2.312283936E3,7.469999790E0,1.863000031E2,3.682734833E0,3.790092468E0,2.679115772E0,2.000000000E1
3.989240534E2,1.931101330E1,-9.917934845E1,2.320843701E3,2.312960449E3,7.280000210E0,1.893999939E2,3.689894537E0,3.790092468E0,2.596215963E0,2.200000000E1
3.999240534E2,1.931095019E1,-9.917936198E1,2.320722533E3,2.312839111E3,7.079999924E0,1.936999969E2,3.696402077E0,3.790092468E0,2.500000000E0,1.700000000E1
4.009240534E2,1.931089592E1,-9.917938519E1,2.321345016E3,2.313461426E3,6.619999886E0,2.011999969E2,3.702886342E0,3.790092468E0,2.565480947E0,1.900000000E1
4.019240534E2,1.931084021E1,-9.917940345E1,2.321674769E3,2.313791016E3,6.340000153E0,1.988999939E2,3.709250261E0,3.790092468E0,2.848562241E0,1.800000000E1
4.029240534E2,1.931079119E1,-9.917943475E1,2.321127090E3,2.313243164E3,4.510000229E0,2.045000000E2,3.713220741E0,3.790092468E0,3.186562300E0,2.000000000E1
4.039240534E2,1.931075788E1,-9.917944838E1,2.321562495E3,2.313678467E3,2.930000067E0,2.061000061E2,3.714826154E0,3.790092468E0,3.069847584E0,2.100000000E1
4.049240534E2,1.931074883E1,-9.917946030E1,2.321409951E3,2.313525879E3,1.299999952E0,2.085000000E2,3.716461326E0,3.790092468E0,3.130780935E0,1.900000000E1
4.059240534E2,1.931073550E1,-9.917946688E1,2.321297690E3,2.313413574E3,1.330000043E0,2.021000061E2,3.717806964E0,3.790092468E0,3.216375828E0,1.900000000E1
4.069240534E2,1.931072707E1,-9.917947608E1,2.321413206E3,2.313529053E3,1.769999981E0,2.085000000E2,3.721197129E0,3.790092468E0,3.234128475E0,2.200000000E1
4.079240534E2,1.931070246E1,-9.917949515E1,2.320300750E3,2.312416504E3,2.869999886E0,2.096000061E2,3.724451600E0,3.790092468E0,3.424135208E0,2.000000000E1
4.089240534E2,1.931067483E1,-9.917950538E1,2.320385306E3,2.312500977E3,3.549999952E0,2.108000031E2,3.728503784E0,3.790092468E0,3.337678671E0,1.700000000E1
4.099240534E2,1.931064901E1,-9.917953263E1,2.320462078E3,2.312577637E3,4.760000229E0,2.130000000E2,3.733191020E0,3.790092468E0,3.243504286E0,2.200000000E1
4.109240534E2,1.931061377E1,-9.917955714E1,2.320459033E3,2.312574463E3,5.369999886E0,2.208000031E2,3.738546104E0,3.790092468E0,3.046531439E0,2.100000000E1
4.119240534E2,1.931057795E1,-9.917959125E1,2.320466017E3,2.312581299E3,5.699999809E0,2.176000061E2,3.743808491E0,3.790092468E0,2.823519230E0,1.700000000E1
4.129240534E2,1.931054102E1,-9.917962261E1,2.320576515E3,2.312691650E3,5.690000057E0,2.261000061E2,3.749997323E0,3.790092468E0,2.964912653E0,1.900000000E1
4.139240534E2,1.931049734E1,-9.917965916E1,2.320877223E3,2.312992188E3,6.239999771E0,2.233999939E2,3.756387406E0,3.790092468E0,2.775614738E0,2.000000000E1
4.149240534E2,1.931046071E1,-9.917970608E1,2.320714801E3,2.312829590E3,6.320000172E0,2.336000061E2,3.762623024E0,3.790092468E0,2.554246902E0,2.000000000E1
4.159240534E2,1.931042732E1,-9.917975382E1,2.320714972E3,2.312829590E3,6.590000153E0,2.378000031E2,3.768751492E0,3.790092468E0,2.518108606E0,2.000000000E1
4.169240534E2,1.931039818E1,-9.917980339E1,2.321186327E3,2.313300781E3,6.309999943E0,2.381000061E2,3.774860631E0,3.790092468E0,2.500000000E0,2.100000000E1
4.179240534E2,1.931036701E1,-9.917985133E1,2.321021454E3,2.313135742E3,6.409999847E0,2.413999939E2,3.780535002E0,3.790092468E0,2.500000000E0,1.900000000E1
4.189240534E2,1.931034294E1,-9.917989901E1,2.321682736E3,2.313796875E3,5.800000191E0,2.453000031E2,3.786194536E0,3.790092468E0,2.500000000E0,2.100000000E1
4.199240534E2,1.931032377E1,-9.917994897E1,2.321051042E3,2.313165039E3,4.889999866E0,2.461000061E2,3.790196026E0,3.790092468E0,2.500000000E0,1.900000000E1
4.209240534E2,1.931030672E1,-9.917998255E1,2.320795532E3,2.312909424E3,3.789999962E0,2.496000061E2,3.793421665E0,3.790092468E0,2.500000000E0,2.300000000E1
4.219240534E2,1.931029376E1,-9.918001005E1,2.320262901E3,2.312376709E3,2.769999981E0,2.501000061E2,3.796065970E0,3.790092468E0,2.500000000E0,2.200000000E1
4.229240534E2,1.931028489E1,-9.918003343E1,2.320227567E3,2.312341309E3,2.089999914E0,2.475000000E2,3.798404855E0,3.790092468E0,2.500000000E0,2.100000000E1
4.239240534E2,1.931028239E1,-9.918005556E1,2.320401445E3,2.312515137E3,1.840000033E0,2.511000061E2,3.800511375E0,3.790092468E0,2.500000000E0,2.000000000E1
4.249240534E2,1.931027316E1,-9.918007309E1,2.320511608E3,2.312625244E3,2.349999905E0,2.545000000E2,3.803212675E0,3.790092468E0,2.500000000E0,1.800000000E1
4.259240534E2,1.931027135E1,-9.918009876E1,2.320209905E3,2.312323486E3,2.579999924E0,2.533999939E2,3.806249030E0,3.790092468E0,2.500000000E0,2.200000000E1
4.269240534E2,1.931026819E1,-9.918012750E1,2.320598397E3,2.312711914E3,3.640000105E0,2.636000061E2,3.809910171E0,3.790092468E0,2.500000000E0,1.900000000E1
4.279240534E2,1.931026665E1,-9.918016235E1,2.320152180E3,2.312265625E3,4.739999771E0,2.707000122E2,3.815365144E0,3.790092468E0,2.500000000E0,2.200000000E1
4.289240534E2,1.931027138E1,-9.918021409E1,2.321025807E3,2.313139160E3,5.780000210E0,2.786000061E2,3.821471398E0,3.790092468E0,2.500000000E0,2.300000000E1
4.299240534E2,1.931027655E1,-9.918027202E1,2.320950959E3,2.313064209E3,6.530000210E0,2.802000122E2,3.828300918E0,3.790092468E0,2.500000000E0,2.000000000E1
4.309240534E2,1.931029070E1,-9.918033535E1,2.320282596E3,2.312395752E3,6.989999771E0,2.855000000E2,3.835677394E0,3.790092468E0,2.500000000E0,2.100000000E1
4.319240534E2,1.931031600E1,-9.918040033E1,2.320773146E3,2.312886230E3,7.329999924E0,2.925000000E2,3.843369408E0,3.790092468E0,2.500000000E0,2.300000000E1
4.329240534E2,1.931034572E1,-9.918046652E1,2.320672136E3,2.312785156E3,7.849999905E0,3.005000000E2,3.851749286E0,3.790092468E0,2.500000000E0,2.000000000E1
4.339240534E2,1.931038012E1,-9.918053757E1,2.320736408E3,2.312849365E3,8.630000114E0,2.987999878E2,3.860933889E0,3.790092468E0,2.500000000E0,2.300000000E1
4.349240534E2,1.931041916E1,-9.918061470E1,2.320535789E3,2.312648682E3,9.199999809E0,2.967999878E2,3.870381908E0,3.790092468E0,2.500000000E0,2.300000000E1
4.359240534E2,1.931045920E1,-9.918069411E1,2.320605924E3,2.312718750E3,9.590000153E0,2.952999878E2,3.879905708E0,3.790092468E0,2.500000000E0,2.100000000E1
4.369240534E2,1.931050197E1,-9.918077274E1,2.320216335E3,2.312329102E3,9.979999542E0,2.961000061E2,3.889886338E0,3.790092468E0,2.500000000E0,2.100000000E1
4.379240534E2,1.931054222E1,-9.918085775E1,2.320418072E3,2.312530762E3,1.021000004E1,2.952000122E2,3.900455406E0,3.790092468E0,2.500000000E0,2.100000000E1
4.389240534E2,1.931058243E1,-9.918094901E1,2.320574168E3,2.312686768E3,1.038000011E1,2.955000000E2,3.910653722E0,3.790092468E0,2.500000000E0,2.000000000E1
4.399240534E2,1.931062082E1,-9.918103727E1,2.319895789E3,2.312008301E3,1.039999962E1,2.961000061E2,3.920558370E0,3.790092468E0,2.500000000E0,2.100000000E1
4.409240534E2,1.931065962E1,-9.918112223E1,2.319744015E3,2.311856445E3,1.014000034E1,2.947000122E2,3.930896519E0,3.790092468E0,2.500000000E0,2.000000000E1
4.419240534E2,1.931070081E1,-9.918121055E1,2.320379350E3,2.312491699E3,1.026000023E1,2.956000061E2,3.940978832E0,3.790092468E0,2.500000000E0,2.200000000E1
4.429240534E2,1.931074045E1,-9.918129696E1,2.320468543E3,2.312580811E3,9.649999619E0,2.942999878E2,3.950065673E0,3.790092468E0,2.500000000E0,1.900000000E1
4.439240534E2,1.931077297E1,-9.918137640E1,2.320863891E3,2.312976074E3,8.680000305E0,2.952000122E2,3.958454291E0,3.790092468E0,2.500000000E0,1.900000000E1
4.449240534E2,1.931080489E1,-9.918144883E1,2.321650583E3,2.313762695E3,7.760000229E0,2.950000000E2,3.965899490E0,3.790092468E0,2.500000000E0,2.100000000E1
4.459240534E2,1.931082907E1,-9.918151499E1,2.321760767E3,2.313872803E3,6.639999866E0,2.958999939E2,3.971992531E0,3.790092468E0,2.500000000E0,2.000000000E1
4.469240534E2,1.931085287E1,-9.918156729E1,2.321595290E3,2.313707275E3,5.329999924E0,2.915000000E2,3.976895607E0,3.790092468E0,2.500000000E0,1.700000000E1
4.479240534E2,1.931087331E1,-9.918160869E1,2.321291370E3,2.313403320E3,3.849999905E0,2.947999878E2,3.979257776E0,3.790092468E0,2.500000000E0,2.100000000E1
4.489240534E2,1.931088170E1,-9.918162937E1,2.321959605E3,2.314071533E3,2.180000067E0,2.948999939E2,3.981189860E0,3.790092468E0,2.500000000E0,1.900000000E1
4.499240534E2,1.931088738E1,-9.918164677E1,2.321880770E3,2.313992676E3,1.269999981E0,2.995000000E2,3.982487850E0,3.790092468E0,2.500000000E0,2.200000000E1
4.509240534E2,1.931089338E1,-9.918165738E1,2.322173746E3,2.314285645E3,1.309999943E0,2.972999878E2,3.983867371E0,3.790092468E0,2.500000000E0,1.900000000E1
4.519240534E2,1.931089725E1,-9.918166987E1,2.322737727E3,2.314849609E3,1.769999981E0,2.923999939E2,3.986260757E0,3.790092468E0,2.500000000E0,1.900000000E1
4.529240534E2,1.931090578E1,-9.918169081E1,2.322498491E3,2.314610352E3,2.839999914E0,2.957999878E2,3.990148035E0,3.790092468E0,2.521304131E0,2.000000000E1
4.539240534E2,1.931092060E1,-9.918172436E1,2.321595204E3,2.313707031E3,2.809999943E0,2.947999878E2,3.993392213E0,3.790092468E0,2.599979401E0,1.900000000E1
4.549240534E2,1.931093807E1,-9.918174912E1,2.322301024E3,2.314412842E3,3.579999924E0,3.001000061E2,3.997630369E0,3.790092468E0,2.500000000E0,1.800000000E1
4.559240534E2,1.931095273E1,-9.918178640E1,2.322489053E3,2.314600830E3,4.800000191E0,2.928999939E2,4.002470192E0,3.790092468E0,2.500000000E0,1.900000000E1
4.569240534E2,1.931097044E1,-9.918182853E1,2.322719565E3,2.314831299E3,5.949999809E0,2.930000000E2,4.008571558E0,3.790092468E0,2.500000000E0,1.800000000E1
4.579240534E2,1.931099380E1,-9.918188114E1,2.322796032E3,2.314907715E3,6.809999943E0,2.937999878E2,4.015568450E0,3.790092468E0,2.500000000E0,1.700000000E1
4.589240534E2,1.931102216E1,-9.918194066E1,2.323269475E3,2.315381104E3,7.409999847E0,2.943999939E2,4.023416878E0,3.790092468E0,2.500000000E0,2.000000000E1
4.599240534E2,1.931104714E1,-9.918201061E1,2.322911159E3,2.315022705E3,8.119999886E0,2.937000122E2,4.031678713E0,3.790092468E0,2.500000000E0,1.900000000E1
4.609240534E2,1.931107956E1,-9.918208145E1,2.322449556E3,2.314561035E3,8.479999542E0,2.950000000E2,4.040512791E0,3.790092468E0,2.500000000E0,1.900000000E1
4.619240534E2,1.931111418E1,-9.918215722E1,2.322368573E3,2.314479980E3,8.979999542E0,2.947999878E2,4.049082351E0,3.790092468E0,2.500000000E0,1.700000000E1
4.629240534E2,1.931114534E1,-9.918223191E1,2.322212156E3,2.314323486E3,9.100000381E0,2.947000122E2,4.058361802E0,3.790092468E0,2.500000000E0,2.000000000E1
4.639240534E2,1.931117713E1,-9.918231367E1,2.321462979E3,2.313574219E3,9.119999886E0,2.947999878E2,4.067648315E0,3.790092468E0,2.500000000E0,2.000000000E1
4.649240534E2,1.931121554E1,-9.918239225E1,2.321749181E3,2.313860352E3,9.159999847E0,2.952000122E2,4.076735706E0,3.790092468E0,2.500000000E0,2.200000000E1
4.659240534E2,1.931125108E1,-9.918247023E1,2.321969714E3,2.314080811E3,9.250000000E0,2.950000000E2,4.085991599E0,3.790092468E0,2.500000000E0,2.100000000E1
4.669240534E2,1.931128844E1,-9.918254905E1,2.322163633E3,2.314274658E3,9.180000305E0,2.943999939E2,4.094729458E0,3.790092468E0,2.500000000E0,2.100000000E1
4.679240534E2,1.931132365E1,-9.918262349E1,2.322737920E3,2.314848877E3,8.899999619E0,2.936000061E2,4.103293735E0,3.790092468E0,2.500000000E0,2.300000000E1
4.689240534E2,1.931135301E1,-9.918269894E1,2.322972866E3,2.315083740E3,8.460000038E0,2.922000122E2,4.111443186E0,3.790092468E0,2.500000000E0,2.100000000E1
4.699240534E2,1.931138112E1,-9.918277066E1,2.323126021E3,2.315236816E3,8.210000038E0,2.926000061E2,4.118309127E0,3.790092468E0,2.500000000E0,2.000000000E1
4.709240534E2,1.931140647E1,-9.918283032E1,2.323686385E3,2.315797119E3,7.030000210E0,2.911000061E2,4.124936821E0,3.790092468E0,2.500000000E0,2.100000000E1
4.719240534E2,1.931143337E1,-9.918288668E1,2.323966221E3,2.316076904E3,6.050000191E0,2.982000122E2,4.130757942E0,3.790092468E0,2.500000000E0,1.900000000E1
4.729240534E2,1.931146216E1,-9.918293301E1,2.323278015E3,2.315388672E3,5.659999847E0,3.107999878E2,4.134101320E0,3.790092468E0,2.500000000E0,2.200000000E1
4.739240534E2,1.931148175E1,-9.918295718E1,2.323011661E3,2.315122314E3,3.019999981E0,3.108999939E2,4.139452135E0,3.790092468E0,2.500000000E0,1.900000000E1
4.749240534E2,1.931152405E1,-9.918298149E1,2.323288957E3,2.315399658E3,5.550000191E0,3.388999939E2,4.144449503E0,3.790092468E0,2.500000000E0,1.900000000E1
4.759240534E2,1.931156737E1,-9.918299417E1,2.323244695E3,2.315355469E3,5.420000076E0,3.502999878E2,4.150545444E0,3.790092468E0,2.500000000E0,2.100000000E1
4.769240534E2,1.931162012E1,-9.918300999E1,2.322931618E3,2.315042480E3,5.599999905E0,3.480000000E2,4.156400995E0,3.790092468E0,2.500000000E0,2.200000000E1
4.779240534E2,1.931167187E1,-9.918302032E1,2.322668338E3,2.314779297E3,5.510000229E0,3.537000122E2,4.161675313E0,3.790092468E0,2.500000000E0,1.900000000E1
4.789240534E2,1.931171929E1,-9.918302150E1,2.321877218E3,2.313988281E3,5.610000134E0,3.546000061E2,4.167646997E0,3.790092468E0,2.500000000E0,2.000000000E1
4.799240534E2,1.931177262E1,-9.918302821E1,2.322141026E3,2.314252197E3,5.400000095E0,3.498999939E2,4.172744106E0,3.790092468E0,2.500000000E0,2.100000000E1
4.809240534E2,1.931181821E1,-9.918303327E1,2.321856998E3,2.313968262E3,4.869999886E0,3.527999878E2,4.177454531E0,3.790092468E0,2.715775251E0,2.000000000E1
4.819240534E2,1.931186034E1,-9.918303796E1,2.321900124E3,2.314011475E3,4.219999790E0,3.568999939E2,4.181782554E0,3.790092468E0,2.872710705E0,2.000000000E1
4.829240534E2,1.931189902E1,-9.918304256E1,2.322642722E3,2.314754150E3,3.660000086E0,3.456000061E2,4.184564511E0,3.790092468E0,2.870156527E0,2.000000000E1
4.839240534E2,1.931192362E1,-9.918304739E1,2.322136084E3,2.314247559E3,2.480000019E0,1.500000000E0,4.186338363E0,3.790092468E0,2.913415670E0,1.900000000E1
4.849240534E2,1.931193914E1,-9.918305130E1,2.321632883E3,2.313744385E3,1.769999981E0,3.526000061E2,4.187974103E0,3.790092468E0,2.925212145E0,2.100000000E1
4.859240534E2,1.931195333E1,-9.918305541E1,2.321980027E3,2.314091553E3,1.029999971E0,3.542000122E2,4.189391759E0,3.790092468E0,3.138486385E0,1.900000000E1
4.869240534E2,1.931196578E1,-9.918305832E1,2.321757592E3,2.313869141E3,9.300000072E-1,3.437000122E2,4.190171638E0,3.790092468E0,3.032072783E0,2.000000000E1
4.879240534E2,1.931197218E1,-9.918306136E1,2.321949722E3,2.314061279E3,6.600000262E-1,3.437000122E2,4.191392333E0,3.790092468E0,2.983184338E0,2.000000000E1
4.889240534E2,1.931198163E1,-9.918306728E1,2.322151373E3,2.314262939E3,4.600000083E-1,3.436000061E2,4.191556551E0,3.790092468E0,2.862614632E0,1.900000000E1
4.899240534E2,1.931198305E1,-9.918306771E1,2.322633792E3,2.314745361E3,0.000000000E0,NaN,4.191870074E0,3.790092468E0,3.011682987E0,1.500000000E1
4.909240534E2,1.931198511E1,-9.918306975E1,2.322724124E3,2.314835693E3,0.000000000E0,NaN,4.192260060E0,3.790092468E0,2.987242699E0,1.700000000E1
4.919240534E2,1.931198703E1,-9.918307286E1,2.322928471E3,2.315040039E3,0.000000000E0,NaN,4.192539204E0,3.790092468E0,2.931656599E0,1.700000000E1
4.929240534E2,1.931198948E1,-9.918307344E1,2.323311035E3,2.315422607E3,0.000000000E0,NaN,4.192856364E0,3.790092468E0,2.921408176E0,1.800000000E1
4.939240534E2,1.931199175E1,-9.918307527E1,2.323690917E3,2.315802490E3,0.000000000E0,NaN,4.193088453E0,3.790092468E0,2.812214375E0,1.700000000E1
4.949240534E2,1.931199268E1,-9.918307725E1,2.323531739E3,2.315643311E3,0.000000000E0,NaN,4.193240832E0,3.790092468E0,2.662768602E0,1.700000000E1
4.959240534E2,1.931199397E1,-9.918307774E1,2.323400633E3,2.315512207E3,0.000000000E0,NaN,4.193370890E0,3.790092468E0,2.567537069E0,1.500000000E1
4.969240534E2,1.931199298E1,-9.918307840E1,2.323198000E3,2.315309570E3,0.000000000E0,NaN,4.193663382E0,3.790092468E0,2.586552382E0,1.600000000E1
4.979240534E2,1.931199317E1,-9.918308118E1,2.323225593E3,2.315337158E3,0.000000000E0,NaN,4.193855708E0,3.790092468E0,2.500000000E0,1.500000000E1
4.989240534E2,1.931199199E1,-9.918308252E1,2.323042737E3,2.315154297E3,0.000000000E0,NaN,4.193950502E0,3.790092468E0,2.500000000E0,1.700000000E1
4.999240534E2,1.931199128E1,-9.918308302E1,2.322867202E3,2.314978760E3,0.000000000E0,NaN,4.194043967E0,3.790092468E0,2.500000000E0,1.700000000E1
5.009240534E2,1.931199146E1,-9.918308389E1,2.322865251E3,2.314976807E3,0.000000000E0,NaN,4.194070575E0,3.790092468E0,2.500000000E0,1.600000000E1
5.019240534E2,1.931199150E1,-9.918308414E1,2.322845232E3,2.314956787E3,0.000000000E0,NaN,4.194080903E0,3.790092468E0,2.500000000E0,1.500000000E1
5.029240534E2,1.931199158E1,-9.918308409E1,2.322854753E3,2.314966309E3,0.000000000E0,NaN,4.194083362E0,3.790092468E0,2.500000000E0,1.600000000E1
5.039240534E2,1.931199160E1,-9.918308410E1,2.322851091E3,2.314962646E3,0.000000000E0,NaN,4.194084474E0,3.790092468E0,2.500000000E0,1.600000000E1
5.049240534E2,1.931199161E1,-9.918308410E1,2.322848405E3,2.314959961E3,0.000000000E0,NaN,4.194087810E0,3.790092468E0,2.500000000E0,1.400000000E1
5.059240534E2,1.931199158E1,-9.918308410E1,2.322845475E3,2.314957031E3,0.000000000E0,NaN,4.194092152E0,3.790092468E0,2.500000000E0,1.600000000E1
5.069240534E2,1.931199157E1,-9.918308414E1,2.322844743E3,2.314956299E3,0.000000000E0,NaN,4.194092152E0,3.790092468E0,2.500000000E0,1.500000000E1
5.079240534E2,1.931199157E1,-9.918308414E1,2.322840593E3,2.314952148E3,0.000000000E0,NaN,4.194096093E0,3.790092468E0,2.500000000E0,1.600000000E1
5.089240534E2,1.931199160E1,-9.918308416E1,2.322841325E3,2.314952881E3,0.000000000E0,NaN,4.194147363E0,3.790092468E0,2.500000000E0,1.600000000E1
5.099240534E2,1.931199194E1,-9.918308449E1,2.322878679E3,2.314990234E3,0.000000000E0,NaN,4.194162816E0,3.790092468E0,2.582117081E0,1.600000000E1
5.109240534E2,1.931199205E1,-9.918308458E1,2.322889176E3,2.315000732E3,0.000000000E0,NaN,4.194188808E0,3.790092468E0,2.580638885E0,1.700000000E1
5.119240534E2,1.931199222E1,-9.918308475E1,2.322908952E3,2.315020508E3,0.000000000E0,NaN,4.194192305E0,3.790092468E0,2.542768240E0,1.700000000E1
5.129240534E2,1.931199225E1,-9.918308476E1,2.322908464E3,2.315020020E3,0.000000000E0,NaN,4.194813918E0,3.790092468E0,2.500000000E0,1.400000000E1
5.139240534E2,1.931199780E1,-9.918308547E1,2.323265630E3,2.315377197E3,2.500000000E-1,3.433999939E2,4.196384337E0,3.790092468E0,2.539384842E0,1.800000000E1
5.149240534E2,1.931201171E1,-9.918308288E1,2.323270232E3,2.315381836E3,2.299999952E0,2.360000038E1,4.198958545E0,3.790092468E0,2.592214346E0,1.700000000E1
5.159240534E2,1.931203439E1,-9.918308780E1,2.323485034E3,2.315596680E3,2.829999924E0,3.000000119E-1,4.202086167E0,3.790092468E0,2.500000000E0,1.800000000E1
5.169240534E2,1.931206240E1,-9.918309052E1,2.323573844E3,2.315685547E3,3.309999943E0,3.580000000E2,4.205689521E0,3.790092468E0,2.750110388E0,1.800000000E1
5.179240534E2,1.931209366E1,-9.918309957E1,2.323687316E3,2.315799072E3,3.349999905E0,3.546000061E2,4.209337276E0,3.790092468E0,2.853088140E0,1.900000000E1
5.189240534E2,1.931212639E1,-9.918310192E1,2.323662588E3,2.315774414E3,3.339999914E0,1.500000000E0,4.214472778E0,3.790092468E0,2.983202696E0,1.500000000E1
5.199240534E2,1.931216816E1,-9.918312280E1,2.323925963E3,2.316037842E3,4.789999962E0,3.420000000E2,4.219599168E0,3.790092468E0,3.047060251E0,1.600000000E1
5.209240534E2,1.931221041E1,-9.918314235E1,2.323546756E3,2.315658691E3,4.730000019E0,3.371000061E2,4.224112634E0,3.790092468E0,2.762564898E0,1.900000000E1
5.219240534E2,1.931224676E1,-9.918316149E1,2.322218098E3,2.314330078E3,4.559999943E0,3.367000122E2,4.228092906E0,3.790092468E0,2.631423712E0,2.100000000E1
5.229240534E2,1.931227744E1,-9.918318103E1,2.320058155E3,2.312170166E3,3.170000076E0,3.412000122E2,4.232293220E0,3.790092468E0,2.555317640E0,2.000000000E1
5.239240534E2,1.931230786E1,-9.918320476E1,2.318662870E3,2.310774902E3,3.180000067E0,3.373999939E2,4.235075846E0,3.790092468E0,2.519595146E0,2.100000000E1
5.249240534E2,1.931232941E1,-9.918321824E1,2.317629401E3,2.309741455E3,2.849999905E0,3.317999878E2,4.239068072E0,3.790092468E0,2.538058758E0,1.800000000E1
5.259240534E2,1.931236398E1,-9.918322851E1,2.318762399E3,2.310874512E3,3.210000038E0,3.513999939E2,4.243178645E0,3.790092468E0,2.507320404E0,1.700000000E1
5.269240534E2,1.931240043E1,-9.918323504E1,2.319421754E3,2.311533936E3,3.349999905E0,3.482000122E2,4.246444322E0,3.790092468E0,2.500000000E0,1.500000000E1
5.279240534E2,1.931242962E1,-9.918323847E1,2.319251284E3,2.311363525E3,3.089999914E0,3.482000122E2,4.249930675E0,3.790092468E0,2.601533413E0,1.700000000E1
5.289240534E2,1.931246093E1,-9.918324022E1,2.319763180E3,2.311875488E3,3.569999933E0,3.562000122E2,4.253230911E0,3.790092468E0,2.588123322E0,1.700000000E1
5.299240534E2,1.931248890E1,-9.918325074E1,2.320979446E3,2.313091797E3,3.319999933E0,3.330000000E2,4.255996802E0,3.790092468E0,2.553267956E0,1.800000000E1
5.309240534E2,1.931251372E1,-9.918324900E1,2.320365372E3,2.312477783E3,2.569999933E0,3.572999878E2,4.258780056E0,3.790092468E0,2.500000000E0,1.600000000E1
5.319240534E2,1.931253875E1,-9.918324885E1,2.321344075E3,2.313456543E3,2.579999924E0,4.000000060E-1,4.261949497E0,3.790092468E0,2.597851992E0,1.900000000E1
5.329240534E2,1.931256710E1,-9.918325198E1,2.321405785E3,2.313518311E3,2.390000105E0,3.480000000E2,4.264952134E0,3.790092468E0,2.654805422E0,1.900000000E1
5.339240534E2,1.931259409E1,-9.918325288E1,2.321446741E3,2.313559326E3,2.259999990E0,3.530000000E2,4.267855584E0,3.790092468E0,2.704618931E0,1.800000000E1
5.349240534E2,1.931261958E1,-9.918325888E1,2.321270182E3,2.313382812E3,2.130000114E0,3.417000122E2,4.270170458E0,3.790092468E0,2.606864929E0,1.900000000E1
5.359240534E2,1.931263930E1,-9.918326595E1,2.320975718E3,2.313088379E3,2.180000067E0,3.327000122E2,4.272709741E0,3.790092468E0,2.500000000E0,1.700000000E1
5.369240534E2,1.931265847E1,-9.918327910E1,2.320958855E3,2.313071533E3,2.589999914E0,3.062000122E2,4.274970816E0,3.790092468E0,2.516173840E0,2.000000000E1
5.379240534E2,1.931266768E1,-9.918329831E1,2.320507456E3,2.312620117E3,2.700000048E0,2.842999878E2,4.277234641E0,3.790092468E0,2.500000000E0,1.900000000E1
5.389240534E2,1.931267246E1,-9.918331928E1,2.320912028E3,2.313024658E3,2.789999962E0,2.708999939E2,4.279898020E0,3.790092468E0,2.500000000E0,1.900000000E1
5.399240534E2,1.931267230E1,-9.918334466E1,2.321491668E3,2.313604248E3,2.940000057E0,2.665000000E2,4.283093319E0,3.790092468E0,2.500000000E0,1.900000000E1
5.409240534E2,1.931267036E1,-9.918337504E1,2.321316196E3,2.313428711E3,2.960000038E0,2.607999878E2,4.286004640E0,3.790092468E0,2.500000000E0,1.900000000E1
5.419240534E2,1.931266690E1,-9.918340254E1,2.321509617E3,2.313622070E3,2.819999933E0,2.573999939E2,4.288943817E0,3.790092468E0,2.500000000E0,1.900000000E1
5.429240534E2,1.931266318E1,-9.918343027E1,2.321633948E3,2.313746338E3,2.799999952E0,2.576000061E2,4.291244124E0,3.790092468E0,2.500000000E0,2.100000000E1
5.439240534E2,1.931265845E1,-9.918345161E1,2.321315886E3,2.313428223E3,2.269999981E0,2.611000061E2,4.293758803E0,3.790092468E0,2.500000000E0,1.900000000E1
5.449240534E2,1.931265769E1,-9.918347556E1,2.321133074E3,2.313245361E3,2.150000095E0,2.597000122E2,4.295439806E0,3.790092468E0,2.500000000E0,1.800000000E1
5.459240534E2,1.931265678E1,-9.918349155E1,2.320949758E3,2.313062012E3,1.740000010E0,2.583999939E2,4.297063488E0,3.790092468E0,2.500000000E0,1.900000000E1
5.469240534E2,1.931265231E1,-9.918350628E1,2.320865813E3,2.312978027E3,1.240000010E0,2.622000122E2,4.297990431E0,3.790092468E0,2.500000000E0,2.000000000E1
5.479240534E2,1.931264979E1,-9.918351470E1,2.320913199E3,2.313025391E3,8.500000238E-1,2.565000000E2,4.299312133E0,3.790092468E0,2.500000000E0,1.900000000E1
5.489240534E2,1.931264904E1,-9.918352727E1,2.320657610E3,2.312769775E3,1.120000005E0,2.732000122E2,4.300317492E0,3.790092468E0,2.500000000E0,1.900000000E1
5.499240534E2,1.931264560E1,-9.918353613E1,2.320384686E3,2.312496826E3,1.129999995E0,2.670000000E2,4.301538530E0,3.790092468E0,2.500000000E0,2.000000000E1
5.509240534E2,1.931264331E1,-9.918354751E1,2.320428415E3,2.312540527E3,1.539999962E0,2.500000000E2,4.303175575E0,3.790092468E0,2.500000000E0,1.700000000E1
5.519240534E2,1.931263316E1,-9.918355881E1,2.320848871E3,2.312960938E3,1.779999971E0,2.218999939E2,4.305007135E0,3.790092468E0,2.500000000E0,1.800000000E1
5.529240534E2,1.931261989E1,-9.918356915E1,2.320764937E3,2.312876953E3,1.659999967E0,2.066000061E2,4.307064646E0,3.790092468E0,2.500000000E0,1.800000000E1
5.539240534E2,1.931260148E1,-9.918356718E1,2.320493246E3,2.312605225E3,2.099999905E0,1.638000031E2,4.308478569E0,3.790092468E0,2.500000000E0,1.900000000E1
5.549240534E2,1.931258889E1,-9.918356907E1,2.320274284E3,2.312386230E3,8.799999952E-1,1.733999939E2,4.309512275E0,3.790092468E0,2.500000000E0,1.800000000E1
5.559240534E2,1.931258172E1,-9.918356280E1,2.319536983E3,2.311648926E3,6.100000143E-1,1.731999969E2,4.310825005E0,3.790092468E0,2.500000000E0,1.800000000E1
5.569240534E2,1.931257009E1,-9.918356065E1,2.319343890E3,2.311455811E3,5.799999833E-1,1.731999969E2,4.311926558E0,3.790092468E0,2.630956650E0,1.800000000E1
5.579240534E2,1.931256042E1,-9.918355837E1,2.319309728E3,2.311421631E3,1.220000029E0,1.688999939E2,4.312550639E0,3.790092468E0,2.500000000E0,1.800000000E1
5.589240534E2,1.931255552E1,-9.918356127E1,2.319791434E3,2.311903320E3,9.200000167E-1,1.690000000E2,4.313854714E0,3.790092468E0,2.500000000E0,2.000000000E1
5.599240534E2,1.931254403E1,-9.918355878E1,2.319946240E3,2.312058105E3,8.500000238E-1,1.690000000E2,4.314747965E0,3.790092468E0,2.500000000E0,1.900000000E1
5.609240534E2,1.931253610E1,-9.918355742E1,2.320750455E3,2.312862305E3,7.200000286E-1,1.691000061E2,4.315516749E0,3.790092468E0,2.500000000E0,1.900000000E1
5.619240534E2,1.931253032E1,-9.918356144E1,2.320315661E3,2.312427490E3,5.400000215E-1,1.691999969E2,4.316182850E0,3.790092468E0,2.500000000E0,2.000000000E1
5.629240534E2,1.931252518E1,-9.918356470E1,2.319949957E3,2.312061768E3,0.000000000E0,NaN,4.316465565E0,3.790092468E0,2.500000000E0,1.800000000E1
5.639240534E2,1.931252448E1,-9.918356211E1,2.320147707E3,2.312259521E3,0.000000000E0,NaN,NaN,3.790092468E0,2.520034075E0,1.700000000E1
